,DrawDate,WB1,WB2,WB3,WB4,WB5,PB,PP
0,03/15/2017,30,16,41,48,53,16,3.0
1,03/11/2017,57,41,50,26,1,11,2.0
2,03/08/2017,42,23,59,46,33,4,2.0
3,03/04/2017,2,22,63,19,18,19,3.0
4,03/01/2017,16,10,52,40,55,17,10.0
5,02/25/2017,6,62,32,47,65,19,2.0
6,02/22/2017,52,10,61,28,13,2,2.0
7,02/18/2017,9,3,33,7,31,20,3.0
8,02/15/2017,33,5,42,38,28,19,2.0
9,02/11/2017,37,64,17,9,5,2,2.0
10,02/08/2017,49,20,42,14,66,5,2.0
11,02/04/2017,52,17,16,13,6,25,3.0
12,02/01/2017,9,60,64,43,57,10,2.0
13,01/28/2017,39,12,49,69,20,17,2.0
14,01/25/2017,18,62,66,68,28,22,2.0
15,01/21/2017,45,25,23,67,52,2,2.0
16,01/18/2017,41,9,58,40,53,12,2.0
17,01/14/2017,55,69,23,64,59,13,5.0
18,01/11/2017,1,16,13,43,3,24,2.0
19,01/07/2017,37,63,12,24,3,10,2.0
20,01/04/2017,17,16,42,41,29,4,3.0
21,12/31/2016,1,28,3,67,57,9,2.0
22,12/28/2016,30,23,44,58,16,4,2.0
23,12/24/2016,38,52,42,51,28,21,2.0
24,12/21/2016,25,68,40,54,33,3,5.0
25,12/17/2016,16,40,8,48,1,10,2.0
26,12/14/2016,39,18,66,37,26,15,3.0
27,12/10/2016,32,21,12,44,66,15,2.0
28,12/07/2016,49,64,48,41,53,20,2.0
29,12/03/2016,27,26,33,8,10,22,2.0
30,11/30/2016,3,45,25,14,18,7,2.0
31,11/26/2016,21,17,37,44,19,16,2.0
32,11/23/2016,7,61,41,47,32,3,2.0
33,11/19/2016,24,61,43,16,28,21,2.0
34,11/16/2016,28,61,63,41,65,7,2.0
35,11/12/2016,20,8,27,52,17,24,2.0
36,11/09/2016,28,31,54,25,1,2,2.0
37,11/05/2016,31,50,69,21,51,8,3.0
38,11/02/2016,18,54,61,13,37,5,2.0
39,10/29/2016,42,48,20,21,19,23,3.0
40,10/26/2016,48,56,2,16,3,24,2.0
41,10/22/2016,1,55,33,28,56,22,2.0
42,10/19/2016,43,63,16,38,10,23,2.0
43,10/15/2016,64,49,57,23,67,20,2.0
44,10/12/2016,34,44,30,16,37,16,2.0
45,10/08/2016,3,64,68,61,54,9,2.0
46,10/05/2016,60,29,18,27,8,15,2.0
47,10/01/2016,12,64,50,61,2,1,2.0
48,09/28/2016,30,53,62,38,52,1,3.0
49,09/24/2016,15,7,29,41,20,22,2.0
50,09/21/2016,63,67,1,69,28,17,4.0
51,09/17/2016,51,19,9,62,55,14,4.0
52,09/14/2016,10,31,23,28,11,14,2.0
53,09/10/2016,3,17,49,68,55,8,2.0
54,09/07/2016,23,55,33,22,29,21,2.0
55,09/03/2016,39,59,7,67,50,25,3.0
56,08/31/2016,10,56,24,61,5,12,2.0
57,08/27/2016,48,32,63,4,49,20,2.0
58,08/24/2016,25,11,9,65,64,16,3.0
59,08/20/2016,68,3,21,6,60,24,2.0
60,08/17/2016,44,49,33,50,52,8,3.0
61,08/13/2016,44,38,64,69,60,6,2.0
62,08/10/2016,64,56,61,23,67,12,5.0
63,08/06/2016,52,33,47,36,20,12,3.0
64,08/03/2016,66,27,11,9,67,2,3.0
65,07/30/2016,32,21,17,23,11,5,2.0
66,07/27/2016,10,47,68,65,50,24,2.0
67,07/23/2016,39,5,35,7,23,11,2.0
68,07/20/2016,6,58,66,25,35,5,2.0
69,07/16/2016,11,50,40,17,62,26,2.0
70,07/13/2016,57,15,29,3,54,10,3.0
71,07/09/2016,32,28,10,64,61,12,3.0
72,07/06/2016,66,57,2,31,24,18,3.0
73,07/02/2016,63,39,59,34,10,4,2.0
74,06/29/2016,29,37,23,64,60,6,2.0
75,06/25/2016,36,3,56,69,27,25,2.0
76,06/22/2016,14,42,43,52,40,17,3.0
77,06/18/2016,53,2,23,63,41,11,2.0
78,06/15/2016,33,4,24,31,22,10,2.0
79,06/11/2016,36,58,27,41,20,7,2.0
80,06/08/2016,37,69,12,25,60,20,3.0
81,06/04/2016,20,16,43,64,22,17,2.0
82,06/01/2016,40,69,33,23,30,12,5.0
83,05/28/2016,6,34,33,59,58,12,2.0
84,05/25/2016,64,24,59,41,11,15,3.0
85,05/21/2016,9,32,5,7,23,26,4.0
86,05/18/2016,25,67,39,23,54,11,3.0
87,05/14/2016,64,27,65,13,47,9,3.0
88,05/11/2016,69,32,52,66,20,23,3.0
89,05/07/2016,25,66,44,5,26,9,2.0
90,05/04/2016,47,69,30,66,57,3,3.0
91,04/30/2016,32,16,3,34,12,14,3.0
92,04/27/2016,25,39,64,2,33,17,2.0
93,04/23/2016,46,62,59,35,19,13,5.0
94,04/20/2016,62,30,12,25,52,8,3.0
95,04/16/2016,32,3,25,51,18,3,2.0
96,04/13/2016,30,35,38,33,64,22,3.0
97,04/09/2016,14,23,41,61,22,9,3.0
98,04/06/2016,65,28,49,60,4,25,2.0
99,04/02/2016,9,61,28,40,30,3,2.0
100,03/30/2016,55,24,63,53,44,19,2.0
101,03/26/2016,23,42,68,52,11,6,3.0
102,03/23/2016,22,15,49,5,8,25,3.0
103,03/19/2016,11,60,23,54,43,3,3.0
104,03/16/2016,46,50,12,13,10,21,3.0
105,03/12/2016,28,11,50,57,62,23,2.0
106,03/09/2016,32,34,14,23,68,3,3.0
107,03/05/2016,3,34,27,59,69,19,2.0
108,03/02/2016,62,52,13,12,44,6,2.0
109,02/27/2016,22,11,53,21,10,18,3.0
110,02/24/2016,67,21,65,31,64,5,3.0
111,02/20/2016,54,12,11,16,15,25,5.0
112,02/17/2016,29,27,7,40,17,25,2.0
113,02/13/2016,7,15,36,18,19,20,2.0
114,02/10/2016,2,62,40,50,3,5,2.0
115,02/06/2016,13,4,36,31,52,8,3.0
116,02/03/2016,26,60,67,31,28,23,3.0
117,01/30/2016,16,5,12,31,43,18,4.0
118,01/27/2016,40,52,3,67,12,21,2.0
119,01/23/2016,32,22,40,69,34,19,4.0
120,01/20/2016,44,5,39,69,47,24,5.0
121,01/16/2016,61,52,51,64,3,6,2.0
122,01/13/2016,8,27,34,4,19,10,2.0
123,01/09/2016,32,16,19,57,34,13,3.0
124,01/06/2016,47,2,63,62,11,17,3.0
125,01/02/2016,42,15,6,5,29,10,2.0
126,12/30/2015,12,61,54,38,36,22,3.0
127,12/26/2015,65,40,44,59,27,20,2.0
128,12/23/2015,67,16,63,38,55,25,4.0
129,12/19/2015,30,68,59,41,28,10,2.0
130,12/16/2015,9,42,10,55,32,6,2.0
131,12/12/2015,62,2,30,19,14,22,2.0
132,12/09/2015,16,46,10,56,7,1,2.0
133,12/05/2015,47,33,68,27,13,13,2.0
134,12/02/2015,14,18,19,64,32,9,2.0
135,11/28/2015,47,2,66,67,6,2,3.0
136,11/25/2015,53,16,69,58,29,21,2.0
137,11/21/2015,37,57,47,50,52,21,3.0
138,11/18/2015,40,17,46,69,41,6,2.0
139,11/14/2015,66,37,22,14,45,5,3.0
140,11/11/2015,26,4,32,55,64,18,3.0
141,11/07/2015,50,53,7,16,25,15,2.0
142,11/04/2015,12,2,17,20,65,17,4.0
143,10/31/2015,9,47,20,25,68,7,2.0
144,10/28/2015,56,62,54,63,4,10,2.0
145,10/24/2015,20,31,56,64,60,2,3.0
146,10/21/2015,57,32,30,42,56,11,4.0
147,10/17/2015,57,62,69,49,48,19,3.0
148,10/14/2015,20,15,31,40,29,1,2.0
149,10/10/2015,27,68,12,43,29,1,2.0
150,10/07/2015,52,40,48,18,30,9,3.0
151,10/03/2015,33,6,46,44,26,4,2.0
152,09/30/2015,40,59,21,39,55,17,3.0
153,09/26/2015,23,57,42,31,50,5,3.0
154,09/23/2015,8,29,51,58,41,5,2.0
155,09/19/2015,12,43,17,26,48,24,2.0
156,09/16/2015,7,5,39,24,31,7,3.0
157,09/12/2015,35,3,16,2,13,27,3.0
158,09/09/2015,50,44,45,51,47,8,2.0
159,09/05/2015,29,10,18,16,45,19,2.0
160,09/02/2015,17,46,22,30,56,16,3.0
161,08/29/2015,25,18,29,21,28,16,2.0
162,08/26/2015,22,56,2,45,32,12,5.0
163,08/22/2015,12,14,21,4,55,7,4.0
164,08/19/2015,6,43,48,50,8,7,2.0
165,08/15/2015,3,17,13,52,42,24,4.0
166,08/12/2015,29,38,8,13,52,28,2.0
167,08/08/2015,34,48,54,52,9,15,4.0
168,08/05/2015,42,14,9,16,11,19,2.0
169,08/01/2015,13,7,49,24,57,15,3.0
170,07/29/2015,4,52,22,27,28,35,3.0
171,07/25/2015,27,44,41,29,34,2,3.0
172,07/22/2015,31,12,57,44,43,11,2.0
173,07/18/2015,39,6,37,45,55,33,3.0
174,07/15/2015,45,34,13,50,16,11,2.0
175,07/11/2015,46,39,52,11,54,3,2.0
176,07/08/2015,30,27,25,15,4,18,3.0
177,07/04/2015,24,18,6,3,14,21,3.0
178,07/01/2015,24,41,31,26,7,25,2.0
179,06/27/2015,35,18,46,49,28,27,5.0
180,06/24/2015,5,10,3,22,32,7,4.0
181,06/20/2015,20,16,10,57,9,15,2.0
182,06/17/2015,22,20,21,54,41,7,3.0
183,06/13/2015,41,29,52,54,48,29,2.0
184,06/10/2015,49,32,31,53,48,25,2.0
185,06/06/2015,18,43,13,8,27,15,4.0
186,06/03/2015,6,40,37,13,8,11,2.0
187,05/30/2015,57,25,8,56,9,22,2.0
188,05/27/2015,8,15,59,34,53,23,2.0
189,05/23/2015,31,9,43,17,15,16,4.0
190,05/20/2015,12,1,44,28,35,25,3.0
191,05/16/2015,48,24,38,52,29,32,2.0
192,05/13/2015,31,29,1,47,25,7,3.0
193,05/09/2015,58,4,17,35,15,17,3.0
194,05/06/2015,24,41,39,23,27,30,5.0
195,05/02/2015,2,31,6,11,30,33,3.0
196,04/29/2015,26,1,38,34,51,6,3.0
197,04/25/2015,45,21,35,33,38,12,2.0
198,04/22/2015,25,10,14,39,53,18,2.0
199,04/18/2015,31,22,13,23,29,17,3.0
200,04/15/2015,1,21,29,16,40,30,3.0
201,04/11/2015,58,1,32,42,12,12,2.0
202,04/08/2015,1,19,45,58,46,29,2.0
203,04/04/2015,41,33,39,54,40,28,3.0
204,04/01/2015,44,39,30,33,2,1,3.0
205,03/28/2015,38,2,12,4,6,17,3.0
206,03/25/2015,54,23,19,7,50,14,2.0
207,03/21/2015,30,38,16,11,42,7,4.0
208,03/18/2015,30,47,33,25,14,8,2.0
209,03/14/2015,46,47,8,14,39,18,2.0
210,03/11/2015,24,44,31,11,40,27,2.0
211,03/07/2015,50,42,36,38,34,33,4.0
212,03/04/2015,8,35,15,12,50,32,2.0
213,02/28/2015,25,28,11,17,46,12,2.0
214,02/25/2015,39,17,21,32,19,8,3.0
215,02/21/2015,18,51,14,34,10,26,2.0
216,02/18/2015,29,1,49,9,32,22,2.0
217,02/14/2015,44,45,1,24,51,28,2.0
218,02/11/2015,25,11,54,13,39,19,3.0
219,02/07/2015,34,58,5,21,10,33,5.0
220,02/04/2015,51,52,36,24,56,22,2.0
221,01/31/2015,16,5,50,11,26,34,2.0
222,01/28/2015,49,24,12,36,35,1,5.0
223,01/24/2015,19,16,20,33,29,10,2.0
224,01/21/2015,57,12,28,15,11,23,4.0
225,01/17/2015,15,27,23,36,16,9,2.0
226,01/14/2015,10,4,53,2,41,22,5.0
227,01/10/2015,19,9,29,2,28,19,5.0
228,01/07/2015,47,49,59,15,14,10,2.0
229,01/03/2015,4,43,46,55,18,25,3.0
230,12/31/2014,40,27,17,53,37,35,2.0
231,12/27/2014,36,14,10,11,7,15,2.0
232,12/24/2014,46,11,12,47,50,22,4.0
233,12/20/2014,19,15,56,31,14,5,5.0
234,12/17/2014,47,31,48,38,22,15,3.0
235,12/13/2014,5,13,43,55,28,33,3.0
236,12/10/2014,48,34,55,44,54,10,2.0
237,12/06/2014,43,22,49,15,12,14,2.0
238,12/03/2014,54,30,32,46,25,26,3.0
239,11/29/2014,13,30,24,42,48,27,2.0
240,11/26/2014,46,17,22,16,54,35,5.0
241,11/22/2014,54,53,23,57,49,35,2.0
242,11/19/2014,38,6,36,48,51,17,2.0
243,11/15/2014,35,16,33,51,13,28,2.0
244,11/12/2014,55,37,39,52,51,11,3.0
245,11/08/2014,9,33,19,38,54,15,3.0
246,11/05/2014,19,2,11,21,42,34,3.0
247,11/01/2014,1,38,25,13,3,17,2.0
248,10/29/2014,48,28,59,25,57,16,3.0
249,10/25/2014,54,57,51,6,10,12,2.0
250,10/22/2014,40,42,30,29,50,16,2.0
251,10/18/2014,36,20,54,27,26,19,2.0
252,10/15/2014,5,7,28,27,19,20,2.0
253,10/11/2014,37,39,38,19,10,28,2.0
254,10/08/2014,46,50,16,31,5,18,3.0
255,10/04/2014,13,33,18,24,25,31,2.0
256,10/01/2014,20,1,45,18,4,7,2.0
257,09/27/2014,54,11,52,35,2,13,3.0
258,09/24/2014,7,14,24,41,21,26,4.0
259,09/20/2014,23,22,30,39,37,16,4.0
260,09/17/2014,36,18,25,50,48,23,2.0
261,09/13/2014,37,6,1,53,16,27,3.0
262,09/10/2014,14,39,2,40,43,13,5.0
263,09/06/2014,29,43,31,50,9,18,2.0
264,09/03/2014,43,2,51,45,16,35,3.0
265,08/30/2014,5,52,28,59,31,27,2.0
266,08/27/2014,24,17,45,46,26,19,3.0
267,08/23/2014,52,28,36,32,35,31,3.0
268,08/20/2014,21,40,8,38,4,3,2.0
269,08/16/2014,7,8,17,59,48,9,2.0
270,08/13/2014,37,8,40,52,39,24,2.0
271,08/09/2014,34,12,31,51,3,24,2.0
272,08/06/2014,49,1,8,24,28,24,5.0
273,08/02/2014,12,46,44,47,26,29,2.0
274,07/30/2014,49,13,30,53,42,29,3.0
275,07/26/2014,38,39,28,24,30,16,2.0
276,07/23/2014,22,12,4,31,10,3,5.0
277,07/19/2014,10,53,17,25,45,9,2.0
278,07/16/2014,5,32,26,18,15,35,3.0
279,07/12/2014,23,7,2,3,51,26,2.0
280,07/09/2014,9,55,42,25,57,14,2.0
281,07/05/2014,34,58,24,36,57,11,4.0
282,07/02/2014,58,18,53,8,45,35,2.0
283,06/28/2014,56,8,12,43,34,9,2.0
284,06/25/2014,50,53,10,20,25,35,4.0
285,06/21/2014,41,6,54,5,37,26,3.0
286,06/18/2014,6,52,59,29,9,7,3.0
287,06/14/2014,33,54,42,9,45,30,3.0
288,06/11/2014,14,25,33,18,49,23,5.0
289,06/07/2014,58,30,35,28,59,15,2.0
290,06/04/2014,22,7,1,10,49,24,3.0
291,05/31/2014,34,15,48,27,31,1,2.0
292,05/28/2014,24,2,28,32,59,25,3.0
293,05/24/2014,55,15,49,16,28,18,2.0
294,05/21/2014,20,34,58,4,39,31,5.0
295,05/17/2014,32,23,47,39,49,22,3.0
296,05/14/2014,55,7,52,33,39,33,3.0
297,05/10/2014,41,47,55,31,4,1,2.0
298,05/07/2014,48,31,17,49,29,34,2.0
299,05/03/2014,15,5,46,49,16,26,4.0
300,04/30/2014,9,2,19,50,11,32,3.0
301,04/26/2014,30,3,22,7,33,20,3.0
302,04/23/2014,29,48,36,19,25,12,4.0
303,04/19/2014,35,6,51,5,29,21,5.0
304,04/16/2014,42,34,59,39,44,8,3.0
305,04/12/2014,26,45,14,55,54,20,2.0
306,04/09/2014,49,14,48,9,44,29,2.0
307,04/05/2014,26,11,21,34,33,29,5.0
308,04/02/2014,19,22,13,53,8,24,2.0
309,03/29/2014,3,12,27,38,2,17,2.0
310,03/26/2014,33,41,59,44,28,21,2.0
311,03/22/2014,55,13,28,58,31,15,2.0
312,03/19/2014,34,23,43,19,2,14,2.0
313,03/15/2014,34,5,51,2,58,9,4.0
314,03/12/2014,28,54,14,15,37,10,2.0
315,03/08/2014,14,24,32,41,10,30,2.0
316,03/05/2014,26,3,9,7,54,19,2.0
317,03/01/2014,3,8,25,47,30,13,4.0
318,02/26/2014,42,11,12,38,17,2,2.0
319,02/22/2014,13,2,54,14,3,4,5.0
320,02/19/2014,17,49,54,35,1,34,3.0
321,02/15/2014,9,23,2,14,21,3,3.0
322,02/12/2014,52,49,36,57,44,1,2.0
323,02/08/2014,54,37,34,25,24,29,2.0
324,02/05/2014,8,57,17,59,32,24,3.0
325,02/01/2014,12,15,38,5,27,7,2.0
326,01/29/2014,47,23,11,28,32,20,2.0
327,01/25/2014,57,8,55,12,18,2,2.0
328,01/22/2014,55,2,7,1,9,29,3.0
329,01/18/2014,38,14,13,19,31,25,
330,01/15/2014,29,8,9,7,24,25,
331,01/11/2014,54,15,48,33,10,34,
332,01/08/2014,39,28,58,47,10,22,
333,01/04/2014,19,58,37,20,41,14,
334,01/01/2014,52,48,15,24,40,23,
335,12/28/2013,56,51,35,44,8,18,
336,12/25/2013,38,56,28,39,23,32,
337,12/21/2013,36,51,45,25,40,8,
338,12/18/2013,39,7,40,24,37,1,
339,12/14/2013,33,41,25,14,32,34,
340,12/11/2013,10,18,19,1,13,27,
341,12/07/2013,45,13,48,32,20,17,
342,12/04/2013,9,6,11,44,31,25,
343,11/30/2013,26,5,45,44,57,29,
344,11/27/2013,57,25,18,55,50,17,
345,11/23/2013,12,52,55,43,5,10,
346,11/20/2013,32,4,45,23,18,7,
347,11/16/2013,29,37,59,10,44,10,
348,11/13/2013,31,5,55,50,56,9,
349,11/09/2013,37,56,3,49,9,32,
350,11/06/2013,49,1,5,10,15,22,
351,11/02/2013,27,40,13,23,24,17,
352,10/30/2013,54,2,49,36,40,10,
353,10/26/2013,56,6,4,34,49,29,
354,10/23/2013,47,34,23,31,3,13,
355,10/19/2013,33,9,56,54,57,5,
356,10/16/2013,3,42,26,34,28,28,
357,10/12/2013,10,58,26,57,8,4,
358,10/09/2013,9,38,3,33,19,18,
359,10/05/2013,11,39,40,17,12,5,
360,10/02/2013,6,51,42,4,25,17,
361,09/28/2013,47,53,14,52,54,5,
362,09/25/2013,49,7,17,53,2,23,
363,09/21/2013,58,54,45,17,12,13,
364,09/18/2013,7,10,35,32,22,19,
365,09/14/2013,1,25,44,17,37,20,
366,09/11/2013,19,33,42,52,11,33,
367,09/07/2013,2,22,19,45,26,24,
368,09/04/2013,2,45,26,9,47,11,
369,08/31/2013,40,25,7,56,2,20,
370,08/28/2013,32,19,7,9,6,13,
371,08/24/2013,45,17,59,12,25,19,
372,08/21/2013,30,48,42,46,40,23,
373,08/17/2013,18,54,56,21,46,23,
374,08/14/2013,17,43,11,4,51,20,
375,08/10/2013,37,58,14,4,12,13,
376,08/07/2013,58,5,25,59,30,32,
377,08/03/2013,24,36,21,45,42,15,
378,07/31/2013,8,24,59,39,49,5,
379,07/27/2013,58,53,40,23,9,6,
380,07/24/2013,44,29,54,40,9,7,
381,07/20/2013,14,27,58,25,38,6,
382,07/17/2013,22,1,42,38,34,17,
383,07/13/2013,8,37,2,35,22,6,
384,07/10/2013,55,45,31,30,59,27,
385,07/06/2013,52,2,36,35,13,11,
386,07/03/2013,40,6,51,29,3,4,
387,06/29/2013,28,8,56,53,30,16,
388,06/26/2013,1,46,39,33,18,33,
389,06/22/2013,33,57,19,23,13,28,
390,06/19/2013,57,47,46,52,7,17,
391,06/15/2013,48,55,28,40,36,1,
392,06/12/2013,22,16,42,23,55,32,
393,06/08/2013,2,26,11,32,22,19,
394,06/05/2013,4,36,26,33,55,32,
395,06/01/2013,33,53,59,22,28,14,
396,05/29/2013,49,14,9,17,57,2,
397,05/25/2013,27,21,19,6,2,25,
398,05/22/2013,31,35,41,9,57,26,
399,05/18/2013,22,10,13,14,52,11,
400,05/15/2013,2,34,11,41,26,32,
401,05/11/2013,6,23,19,43,13,16,
402,05/08/2013,21,57,26,22,30,27,
403,05/04/2013,26,36,40,7,12,17,
404,05/01/2013,31,22,55,26,54,18,
405,04/27/2013,55,54,48,23,3,5,
406,04/24/2013,9,59,31,56,19,2,
407,04/20/2013,6,39,8,30,48,20,
408,04/17/2013,58,18,48,13,36,28,
409,04/13/2013,10,57,31,12,56,33,
410,04/10/2013,40,1,52,36,53,20,
411,04/06/2013,39,29,4,8,7,24,
412,04/03/2013,35,8,12,1,6,3,
413,03/30/2013,23,46,11,26,55,27,
414,03/27/2013,43,48,7,37,52,16,
415,03/23/2013,29,53,52,17,31,31,
416,03/20/2013,43,17,14,13,54,15,
417,03/16/2013,44,53,7,21,3,16,
418,03/13/2013,38,9,32,28,5,29,
419,03/09/2013,46,52,37,10,40,12,
420,03/06/2013,45,10,6,23,41,1,
421,03/02/2013,56,13,8,41,3,16,
422,02/27/2013,48,20,14,34,3,21,
423,02/23/2013,41,31,39,2,5,29,
424,02/20/2013,25,3,32,17,19,17,
425,02/16/2013,58,16,15,46,50,29,
426,02/13/2013,12,43,27,25,23,29,
427,02/09/2013,58,36,16,6,5,3,
428,02/06/2013,36,38,5,27,41,12,
429,02/02/2013,41,33,16,40,11,34,
430,01/30/2013,47,16,14,32,52,16,
431,01/26/2013,22,49,41,26,3,18,
432,01/23/2013,24,43,11,12,45,9,
433,01/19/2013,29,8,28,34,38,35,
434,01/16/2013,51,21,32,28,9,35,
435,01/12/2013,47,21,23,14,10,7,
436,01/09/2013,11,20,13,27,59,26,
437,01/05/2013,30,49,54,26,51,25,
438,01/02/2013,20,18,53,28,35,20,
439,12/29/2012,55,52,46,50,36,14,
440,12/26/2012,54,43,13,11,23,4,
441,12/22/2012,18,44,35,39,1,11,
442,12/19/2012,23,20,5,30,8,3,
443,12/15/2012,40,23,44,55,15,14,
444,12/12/2012,36,25,44,8,10,28,
445,12/08/2012,23,40,53,26,7,21,
446,12/05/2012,27,19,38,13,17,12,
447,12/01/2012,46,10,3,19,36,3,
448,11/28/2012,5,23,16,22,29,6,
449,11/24/2012,22,32,37,44,50,34,
450,11/21/2012,24,30,8,18,39,26,
451,11/17/2012,15,59,27,58,3,20,
452,11/14/2012,44,10,58,8,30,13,
453,11/10/2012,55,32,50,54,42,32,
454,11/07/2012,32,45,34,52,58,20,
455,11/03/2012,54,4,7,9,30,25,
456,10/31/2012,45,31,1,48,27,5,
457,10/27/2012,34,56,36,32,22,33,
458,10/24/2012,18,50,23,3,21,4,
459,10/20/2012,4,28,31,44,21,10,
460,10/17/2012,42,23,10,7,1,35,
461,10/13/2012,5,2,26,25,49,18,
462,10/10/2012,35,18,43,29,26,28,
463,10/06/2012,36,59,26,15,34,35,
464,10/03/2012,55,23,17,59,36,10,
465,09/29/2012,57,14,29,18,28,8,
466,09/26/2012,41,26,42,13,39,10,
467,09/22/2012,40,42,18,16,2,33,
468,09/19/2012,50,1,8,39,5,23,
469,09/15/2012,43,26,3,20,48,1,
470,09/12/2012,48,56,24,36,33,6,
471,09/08/2012,34,44,20,48,6,29,
472,09/05/2012,42,4,26,51,19,29,
473,09/01/2012,8,44,21,11,49,22,
474,08/29/2012,49,54,28,25,56,28,
475,08/25/2012,7,20,6,1,49,23,
476,08/22/2012,47,31,22,29,55,19,
477,08/18/2012,55,41,26,14,59,1,
478,08/15/2012,56,27,46,6,51,21,
479,08/11/2012,51,13,46,39,4,1,
480,08/08/2012,7,15,3,11,28,12,
481,08/04/2012,55,30,53,48,19,18,
482,08/01/2012,58,3,56,48,16,4,
483,07/28/2012,6,50,5,36,13,13,
484,07/25/2012,14,3,46,38,35,16,
485,07/21/2012,9,54,38,56,31,20,
486,07/18/2012,5,2,57,23,20,3,
487,07/14/2012,4,46,16,37,32,13,
488,07/11/2012,5,36,49,55,22,23,
489,07/07/2012,5,3,29,59,39,29,
490,07/04/2012,35,19,14,39,56,33,
491,06/30/2012,20,7,15,41,44,22,
492,06/27/2012,58,34,6,46,40,6,
493,06/23/2012,44,1,53,3,41,30,
494,06/20/2012,17,11,29,56,57,14,
495,06/16/2012,14,16,27,15,8,26,
496,06/13/2012,14,57,33,10,7,18,
497,06/09/2012,56,45,57,22,18,27,
498,06/06/2012,59,48,19,33,30,27,
499,06/02/2012,17,45,10,29,9,33,
500,05/30/2012,10,56,9,24,52,14,
501,05/26/2012,49,59,13,41,14,14,
502,05/23/2012,59,7,53,26,4,32,
503,05/19/2012,46,13,8,51,35,30,
504,05/16/2012,21,43,28,3,7,2,
505,05/12/2012,35,24,58,53,10,22,
506,05/09/2012,56,7,1,11,55,1,
507,05/05/2012,12,59,44,20,9,23,
508,05/02/2012,7,33,50,38,8,29,
509,04/28/2012,57,40,58,31,39,33,
510,04/25/2012,29,43,25,4,34,29,
511,04/21/2012,8,42,51,20,6,16,
512,04/18/2012,22,39,49,46,20,29,
513,04/14/2012,15,16,19,14,24,2,
514,04/11/2012,44,42,16,47,23,2,
515,04/07/2012,13,30,5,20,17,18,
516,04/04/2012,33,24,49,45,1,6,
517,03/31/2012,14,5,58,54,36,27,
518,03/28/2012,50,58,16,29,11,33,
519,03/24/2012,15,37,35,1,47,8,
520,03/21/2012,32,43,53,55,56,6,
521,03/17/2012,11,55,58,14,49,30,
522,03/14/2012,1,8,59,46,41,24,
523,03/10/2012,5,41,20,14,17,5,
524,03/07/2012,45,35,47,46,12,12,
525,03/03/2012,47,30,29,49,45,35,
526,02/29/2012,26,1,11,4,23,14,
527,02/25/2012,54,11,6,42,53,7,
528,02/22/2012,17,39,16,7,51,32,
529,02/18/2012,23,50,28,59,56,5,
530,02/15/2012,12,11,32,56,52,11,
531,02/11/2012,37,52,10,1,57,11,
532,02/08/2012,38,51,17,28,39,33,
533,02/04/2012,23,56,43,45,15,7,
534,02/01/2012,8,13,59,17,34,35,
535,01/28/2012,41,54,59,33,5,13,
536,01/25/2012,28,19,29,47,4,5,
537,01/21/2012,44,12,43,24,45,7,
538,01/18/2012,50,34,29,6,44,28,
539,01/14/2012,41,30,10,36,38,1,5.0
540,01/11/2012,47,5,29,45,19,25,2.0
541,01/07/2012,3,24,38,21,39,24,5.0
542,01/04/2012,50,35,21,47,46,2,4.0
543,12/31/2011,5,25,40,23,28,34,4.0
544,12/28/2011,16,27,45,41,21,14,2.0
545,12/24/2011,52,51,16,14,30,19,2.0
546,12/21/2011,31,15,13,54,10,18,5.0
547,12/17/2011,59,28,51,13,49,33,4.0
548,12/14/2011,46,52,24,56,2,19,5.0
549,12/10/2011,33,41,4,19,59,9,5.0
550,12/07/2011,39,20,14,40,3,37,2.0
551,12/03/2011,18,5,33,43,45,8,3.0
552,11/30/2011,47,6,2,34,35,22,2.0
553,11/26/2011,55,20,37,45,39,28,2.0
554,11/23/2011,30,35,57,4,59,25,2.0
555,11/19/2011,16,9,17,28,30,11,3.0
556,11/16/2011,22,25,39,13,51,28,2.0
557,11/12/2011,56,4,35,51,36,8,5.0
558,11/09/2011,58,59,35,5,57,12,3.0
559,11/05/2011,43,39,2,33,40,26,3.0
560,11/02/2011,12,39,14,46,34,36,4.0
561,10/29/2011,11,40,16,51,56,38,5.0
562,10/26/2011,39,21,1,18,55,6,3.0
563,10/22/2011,8,3,23,30,58,13,4.0
564,10/19/2011,26,35,16,52,58,2,5.0
565,10/15/2011,38,24,5,10,43,1,4.0
566,10/12/2011,43,10,12,23,47,18,3.0
567,10/08/2011,35,3,37,27,45,31,5.0
568,10/05/2011,46,7,43,54,20,17,4.0
569,10/01/2011,27,43,12,23,1,31,3.0
570,09/28/2011,41,51,30,50,53,8,2.0
571,09/24/2011,27,12,3,4,44,26,5.0
572,09/21/2011,47,52,55,48,12,13,4.0
573,09/17/2011,43,22,6,20,32,11,2.0
574,09/14/2011,16,50,42,59,41,5,3.0
575,09/10/2011,32,53,22,4,19,24,4.0
576,09/07/2011,54,3,5,27,18,13,4.0
577,09/03/2011,15,52,25,53,54,2,5.0
578,08/31/2011,19,35,57,47,13,29,5.0
579,08/27/2011,2,54,12,58,25,14,3.0
580,08/24/2011,49,53,13,9,47,39,5.0
581,08/20/2011,23,2,47,28,17,36,2.0
582,08/17/2011,31,28,48,18,52,37,4.0
583,08/13/2011,35,9,50,12,58,4,2.0
584,08/10/2011,46,41,36,18,11,38,4.0
585,08/06/2011,57,59,54,25,30,6,3.0
586,08/03/2011,49,19,13,28,21,11,2.0
587,07/30/2011,55,20,40,47,41,19,2.0
588,07/27/2011,40,51,59,41,38,33,2.0
589,07/23/2011,38,1,48,27,7,30,3.0
590,07/20/2011,40,42,38,1,4,17,4.0
591,07/16/2011,28,48,54,24,50,25,3.0
592,07/13/2011,54,18,8,19,32,8,4.0
593,07/09/2011,31,9,23,1,11,6,3.0
594,07/06/2011,55,50,24,11,15,8,2.0
595,07/02/2011,11,29,1,51,18,32,3.0
596,06/29/2011,30,24,57,59,45,26,3.0
597,06/25/2011,18,39,57,36,41,12,4.0
598,06/22/2011,59,12,46,19,15,12,4.0
599,06/18/2011,22,38,21,12,41,18,2.0
600,06/15/2011,41,43,20,19,38,29,4.0
601,06/11/2011,50,16,18,36,27,8,3.0
602,06/08/2011,53,37,14,44,45,29,5.0
603,06/04/2011,17,58,39,19,41,21,5.0
604,06/01/2011,56,38,46,8,18,31,4.0
605,05/28/2011,43,12,20,51,55,11,4.0
606,05/25/2011,50,4,31,42,23,23,2.0
607,05/21/2011,8,49,2,40,50,36,3.0
608,05/18/2011,7,12,42,49,13,16,4.0
609,05/14/2011,40,18,17,8,44,16,2.0
610,05/11/2011,43,32,9,45,17,31,3.0
611,05/07/2011,11,55,47,2,27,15,4.0
612,05/04/2011,15,41,29,27,3,24,4.0
613,04/30/2011,41,15,6,13,32,3,2.0
614,04/27/2011,40,44,55,24,4,5,2.0
615,04/23/2011,58,11,3,48,47,19,3.0
616,04/20/2011,9,24,43,34,36,27,3.0
617,04/16/2011,21,55,33,45,44,7,5.0
618,04/13/2011,4,49,39,50,23,39,3.0
619,04/09/2011,53,5,56,14,32,11,4.0
620,04/06/2011,56,18,55,10,41,15,2.0
621,04/02/2011,43,22,34,6,45,23,2.0
622,03/30/2011,58,56,20,19,42,37,4.0
623,03/26/2011,10,4,11,33,19,27,4.0
624,03/23/2011,15,28,5,26,32,9,2.0
625,03/19/2011,11,20,46,27,3,8,2.0
626,03/16/2011,53,28,48,39,40,9,3.0
627,03/12/2011,4,41,1,12,47,3,4.0
628,03/09/2011,12,20,28,40,48,8,2.0
629,03/05/2011,42,31,23,48,2,21,2.0
630,03/02/2011,50,58,7,31,51,6,2.0
631,02/26/2011,4,45,21,17,13,10,5.0
632,02/23/2011,32,36,39,29,49,29,3.0
633,02/19/2011,12,34,3,42,37,36,5.0
634,02/16/2011,23,48,21,9,13,24,2.0
635,02/12/2011,32,52,36,48,11,19,4.0
636,02/09/2011,51,39,42,11,7,30,4.0
637,02/05/2011,15,41,59,37,56,5,5.0
638,02/02/2011,33,57,53,3,14,36,4.0
639,01/29/2011,28,45,24,52,49,2,4.0
640,01/26/2011,4,47,58,5,36,6,3.0
641,01/22/2011,34,30,51,31,45,23,2.0
642,01/19/2011,36,51,56,22,59,32,3.0
643,01/15/2011,22,13,9,37,23,31,3.0
644,01/12/2011,48,23,40,21,19,27,4.0
645,01/08/2011,7,52,6,33,26,24,2.0
646,01/05/2011,40,22,32,26,38,7,5.0
647,01/01/2011,37,47,18,22,54,36,2.0
648,12/29/2010,18,37,20,16,3,30,2.0
649,12/25/2010,52,50,1,38,17,24,2.0
650,12/22/2010,33,11,44,47,46,12,2.0
651,12/18/2010,43,19,4,11,33,14,4.0
652,12/15/2010,32,18,45,10,11,18,5.0
653,12/11/2010,1,8,19,10,20,23,2.0
654,12/08/2010,25,8,11,58,41,16,4.0
655,12/04/2010,27,24,42,31,13,22,5.0
656,12/01/2010,10,5,12,11,20,2,3.0
657,11/27/2010,47,37,30,54,10,39,5.0
658,11/24/2010,20,8,21,37,32,4,3.0
659,11/20/2010,12,10,38,53,57,1,5.0
660,11/17/2010,14,59,54,53,16,5,3.0
661,11/13/2010,30,51,17,48,54,29,5.0
662,11/10/2010,5,8,44,40,11,10,4.0
663,11/06/2010,7,12,23,34,38,33,4.0
664,11/03/2010,34,45,38,39,50,33,2.0
665,10/30/2010,49,7,27,1,36,39,5.0
666,10/27/2010,25,24,20,59,53,15,5.0
667,10/23/2010,20,2,46,7,16,34,4.0
668,10/20/2010,20,39,7,17,59,17,3.0
669,10/16/2010,28,16,12,11,15,11,2.0
670,10/13/2010,46,34,32,22,12,2,4.0
671,10/09/2010,42,32,49,6,2,35,3.0
672,10/06/2010,26,41,14,37,46,24,5.0
673,10/02/2010,30,12,36,20,47,25,4.0
674,09/29/2010,52,13,55,44,51,30,4.0
675,09/25/2010,8,35,27,16,42,30,2.0
676,09/22/2010,10,36,52,24,55,15,5.0
677,09/18/2010,18,44,1,39,37,13,4.0
678,09/15/2010,7,20,21,34,43,34,5.0
679,09/11/2010,36,20,59,17,7,33,4.0
680,09/08/2010,10,57,51,35,39,20,5.0
681,09/04/2010,33,22,42,14,11,38,2.0
682,09/01/2010,40,20,21,17,51,19,3.0
683,08/28/2010,32,56,4,27,22,13,4.0
684,08/25/2010,17,36,29,16,31,23,3.0
685,08/21/2010,7,22,10,27,12,26,2.0
686,08/18/2010,47,4,33,32,55,39,3.0
687,08/14/2010,58,50,36,9,33,31,2.0
688,08/11/2010,22,52,10,23,7,29,2.0
689,08/07/2010,52,26,31,22,4,30,5.0
690,08/04/2010,53,30,19,37,28,36,4.0
691,07/31/2010,1,57,16,41,17,15,3.0
692,07/28/2010,1,11,20,27,25,2,5.0
693,07/24/2010,59,30,46,38,20,27,2.0
694,07/21/2010,16,58,22,30,51,25,3.0
695,07/17/2010,27,37,22,45,35,3,4.0
696,07/14/2010,21,23,38,20,42,6,3.0
697,07/10/2010,28,21,20,56,27,4,4.0
698,07/07/2010,10,41,44,56,48,4,2.0
699,07/03/2010,52,53,3,14,10,3,3.0
700,06/30/2010,38,43,6,48,47,27,5.0
701,06/26/2010,57,30,13,38,32,25,4.0
702,06/23/2010,48,11,45,30,47,10,3.0
703,06/19/2010,54,31,9,30,50,39,3.0
704,06/16/2010,29,18,11,36,8,6,5.0
705,06/12/2010,38,13,12,9,35,30,10.0
706,06/09/2010,22,49,27,14,32,5,4.0
707,06/05/2010,18,34,40,59,48,25,4.0
708,06/02/2010,39,14,43,9,4,38,4.0
709,05/29/2010,24,3,28,1,41,10,4.0
710,05/26/2010,6,20,10,1,13,32,4.0
711,05/22/2010,20,19,47,57,40,29,2.0
712,05/19/2010,7,58,55,29,2,27,3.0
713,05/15/2010,28,15,36,23,21,20,2.0
714,05/12/2010,52,58,53,37,51,38,2.0
715,05/08/2010,41,5,57,34,22,31,5.0
716,05/05/2010,47,13,34,40,57,11,4.0
717,05/01/2010,23,25,16,49,58,20,4.0
718,04/28/2010,28,44,12,22,25,24,4.0
719,04/24/2010,57,56,1,53,12,5,2.0
720,04/21/2010,11,34,55,41,49,20,2.0
721,04/17/2010,22,41,49,21,5,15,5.0
722,04/14/2010,14,6,32,52,38,20,3.0
723,04/10/2010,21,22,52,49,58,34,2.0
724,04/07/2010,36,52,44,4,40,33,2.0
725,04/03/2010,15,59,52,10,31,4,4.0
726,03/31/2010,13,45,54,5,17,12,5.0
727,03/27/2010,21,7,32,52,44,10,4.0
728,03/24/2010,14,49,39,24,20,7,3.0
729,03/20/2010,9,36,44,45,39,9,2.0
730,03/17/2010,55,26,48,45,24,8,2.0
731,03/13/2010,16,36,20,6,31,8,5.0
732,03/10/2010,41,37,17,50,21,1,2.0
733,03/06/2010,41,33,10,59,29,15,2.0
734,03/03/2010,14,49,9,7,45,23,4.0
735,02/27/2010,47,18,58,53,51,30,2.0
736,02/24/2010,50,17,57,35,4,12,2.0
737,02/20/2010,13,54,41,37,27,32,2.0
738,02/17/2010,36,7,26,8,19,15,3.0
739,02/13/2010,14,10,40,51,30,1,4.0
740,02/10/2010,29,8,37,38,5,34,5.0
741,02/06/2010,22,54,52,14,59,4,3.0
742,02/03/2010,37,52,22,36,17,24,2.0
743,01/30/2010,26,35,48,47,6,21,3.0
744,01/27/2010,15,26,31,6,20,9,5.0
745,01/23/2010,53,16,15,42,20,17,2.0
746,01/20/2010,46,15,43,44,32,19,4.0
747,01/16/2010,41,8,7,55,23,23,5.0
748,01/13/2010,32,15,8,11,50,27,3.0
749,01/09/2010,41,44,20,54,50,22,2.0
750,01/06/2010,56,27,29,20,58,31,2.0
751,01/02/2010,23,3,7,42,27,37,3.0
752,12/30/2009,5,52,14,38,39,6,3.0
753,12/26/2009,53,41,36,32,37,30,3.0
754,12/23/2009,52,8,49,51,32,23,4.0
755,12/19/2009,24,41,17,47,39,21,3.0
756,12/16/2009,23,43,25,35,13,15,5.0
757,12/12/2009,14,41,12,13,35,29,2.0
758,12/09/2009,58,12,5,1,13,21,5.0
759,12/05/2009,41,58,27,39,44,17,3.0
760,12/02/2009,37,46,14,34,55,37,4.0
761,11/28/2009,46,50,27,28,26,21,3.0
762,11/25/2009,18,13,4,59,49,5,2.0
763,11/21/2009,26,36,7,49,58,4,5.0
764,11/18/2009,58,59,32,50,42,31,4.0
765,11/14/2009,57,30,19,48,32,14,5.0
766,11/11/2009,12,8,22,29,14,22,2.0
767,11/07/2009,32,37,46,50,7,26,5.0
768,11/04/2009,51,10,45,11,14,17,3.0
769,10/31/2009,19,26,54,41,2,23,5.0
770,10/28/2009,51,46,26,3,11,23,5.0
771,10/24/2009,38,22,59,49,14,16,2.0
772,10/21/2009,34,51,45,6,16,4,2.0
773,10/17/2009,16,5,49,30,25,39,5.0
774,10/14/2009,15,30,5,40,25,6,2.0
775,10/10/2009,45,49,50,13,32,30,3.0
776,10/07/2009,2,50,38,21,20,22,3.0
777,10/03/2009,50,57,24,12,48,22,3.0
778,09/30/2009,52,54,41,42,57,30,3.0
779,09/26/2009,34,20,36,39,18,19,3.0
780,09/23/2009,7,8,29,20,25,11,5.0
781,09/19/2009,25,24,49,30,5,23,3.0
782,09/16/2009,17,56,37,40,51,25,2.0
783,09/12/2009,13,28,56,41,38,25,2.0
784,09/09/2009,16,18,51,53,4,23,4.0
785,09/05/2009,35,27,16,9,57,29,3.0
786,09/02/2009,23,47,36,18,59,36,4.0
787,08/29/2009,1,53,20,37,52,33,3.0
788,08/26/2009,43,23,1,21,30,11,3.0
789,08/22/2009,6,51,3,20,32,23,5.0
790,08/19/2009,43,14,31,51,24,27,5.0
791,08/15/2009,14,26,32,15,36,12,5.0
792,08/12/2009,32,10,25,47,34,5,3.0
793,08/08/2009,45,37,50,33,4,11,4.0
794,08/05/2009,34,25,41,49,46,29,3.0
795,08/01/2009,53,37,46,39,5,8,4.0
796,07/29/2009,38,2,43,5,59,8,2.0
797,07/25/2009,33,5,52,46,17,9,5.0
798,07/22/2009,6,22,4,16,32,11,2.0
799,07/18/2009,21,26,47,4,28,37,4.0
800,07/15/2009,26,50,57,52,51,37,5.0
801,07/11/2009,39,1,4,42,20,2,5.0
802,07/08/2009,50,56,42,53,19,39,2.0
803,07/04/2009,22,4,41,44,9,14,3.0
804,07/01/2009,38,53,9,52,32,15,2.0
805,06/27/2009,48,39,26,18,22,17,4.0
806,06/24/2009,53,24,51,16,18,16,5.0
807,06/20/2009,28,22,3,11,18,33,2.0
808,06/17/2009,53,9,37,5,42,27,5.0
809,06/13/2009,20,41,13,35,16,6,4.0
810,06/10/2009,26,42,58,27,15,37,2.0
811,06/06/2009,45,10,23,30,18,2,3.0
812,06/03/2009,22,20,32,16,37,9,2.0
813,05/30/2009,51,42,1,59,23,20,5.0
814,05/27/2009,5,16,6,21,12,7,3.0
815,05/23/2009,52,19,57,34,23,21,5.0
816,05/20/2009,23,30,42,35,31,6,2.0
817,05/16/2009,6,7,40,56,31,38,2.0
818,05/13/2009,30,40,37,32,19,37,3.0
819,05/09/2009,49,32,4,15,58,21,3.0
820,05/06/2009,12,7,22,31,8,18,5.0
821,05/02/2009,45,20,38,42,3,27,3.0
822,04/29/2009,6,36,50,19,59,13,5.0
823,04/25/2009,52,42,30,8,26,15,5.0
824,04/22/2009,30,15,48,22,37,12,2.0
825,04/18/2009,7,28,44,43,15,20,3.0
826,04/15/2009,59,22,26,16,27,5,2.0
827,04/11/2009,46,49,7,35,28,20,4.0
828,04/08/2009,52,56,1,6,48,9,5.0
829,04/04/2009,21,57,58,14,50,7,3.0
830,04/01/2009,2,33,41,54,9,14,3.0
831,03/28/2009,48,2,16,41,3,19,3.0
832,03/25/2009,23,47,10,20,54,26,2.0
833,03/21/2009,49,27,23,52,19,21,4.0
834,03/18/2009,16,29,26,45,41,1,2.0
835,03/14/2009,7,44,33,30,51,10,2.0
836,03/11/2009,13,7,47,3,34,30,5.0
837,03/07/2009,59,27,56,28,21,21,2.0
838,03/04/2009,6,1,44,55,49,36,2.0
839,02/28/2009,3,58,16,20,42,7,5.0
840,02/25/2009,32,49,42,56,17,11,4.0
841,02/21/2009,31,46,13,45,41,21,4.0
842,02/18/2009,44,15,56,39,2,15,3.0
843,02/14/2009,33,8,45,9,2,5,5.0
844,02/11/2009,5,22,45,49,10,37,2.0
845,02/07/2009,18,53,5,28,20,27,2.0
846,02/04/2009,24,44,30,32,7,18,4.0
847,01/31/2009,33,26,14,41,1,37,4.0
848,01/28/2009,10,32,18,5,23,4,4.0
849,01/24/2009,6,37,42,20,25,25,2.0
850,01/21/2009,26,20,54,46,38,23,4.0
851,01/17/2009,9,5,59,23,2,26,2.0
852,01/14/2009,46,34,25,8,39,34,5.0
853,01/10/2009,8,56,10,18,43,9,3.0
854,01/07/2009,31,52,23,33,38,24,5.0
855,01/03/2009,38,22,55,24,17,24,3.0
856,12/31/2008,11,53,8,7,17,36,5.0
857,12/27/2008,12,43,15,31,26,10,5.0
858,12/24/2008,17,2,32,22,41,8,5.0
859,12/20/2008,3,19,32,54,14,24,5.0
860,12/17/2008,11,7,30,24,18,26,4.0
861,12/13/2008,40,14,28,26,31,13,2.0
862,12/10/2008,37,6,41,24,15,37,4.0
863,12/06/2008,53,9,39,43,35,10,5.0
864,12/03/2008,17,21,25,16,55,3,5.0
865,11/29/2008,5,55,33,39,36,21,4.0
866,11/26/2008,11,31,52,26,34,14,2.0
867,11/22/2008,19,32,26,45,17,14,4.0
868,11/19/2008,8,45,13,39,38,31,4.0
869,11/15/2008,7,44,8,12,3,37,2.0
870,11/12/2008,18,45,25,1,29,2,2.0
871,11/08/2008,40,36,4,21,2,41,2.0
872,11/05/2008,18,33,36,4,8,32,2.0
873,11/01/2008,40,4,41,6,26,15,4.0
874,10/29/2008,37,50,20,30,52,33,2.0
875,10/25/2008,48,1,3,38,14,2,2.0
876,10/22/2008,17,52,10,33,51,5,3.0
877,10/18/2008,40,10,14,32,49,15,4.0
878,10/15/2008,3,13,38,32,48,13,4.0
879,10/11/2008,39,3,17,47,7,9,4.0
880,10/08/2008,48,12,54,17,2,2,4.0
881,10/04/2008,39,4,32,1,26,18,5.0
882,10/01/2008,43,39,8,9,55,26,2.0
883,09/27/2008,40,24,13,29,52,29,4.0
884,09/24/2008,32,36,13,21,5,33,5.0
885,09/20/2008,47,30,40,28,6,24,5.0
886,09/17/2008,12,26,32,23,44,20,3.0
887,09/13/2008,29,17,7,51,43,38,2.0
888,09/10/2008,37,28,15,53,14,18,2.0
889,09/06/2008,26,54,49,25,17,11,4.0
890,09/03/2008,49,38,40,46,50,34,2.0
891,08/30/2008,14,32,47,2,15,36,3.0
892,08/27/2008,13,49,31,48,36,11,2.0
893,08/23/2008,47,33,18,48,24,23,3.0
894,08/20/2008,15,24,47,35,16,26,2.0
895,08/16/2008,5,43,34,52,40,20,5.0
896,08/13/2008,31,10,5,23,19,26,4.0
897,08/09/2008,53,40,32,49,43,21,5.0
898,08/06/2008,24,37,5,36,51,19,4.0
899,08/02/2008,5,28,33,2,54,30,5.0
900,07/30/2008,25,55,3,51,45,13,3.0
901,07/26/2008,51,55,21,12,13,18,4.0
902,07/23/2008,52,11,14,35,41,2,4.0
903,07/19/2008,55,46,53,6,28,2,3.0
904,07/16/2008,3,23,15,42,29,17,4.0
905,07/12/2008,20,50,12,2,22,17,2.0
906,07/09/2008,5,31,7,49,53,14,4.0
907,07/05/2008,24,47,34,1,48,18,5.0
908,07/02/2008,46,33,52,48,4,17,5.0
909,06/28/2008,26,32,14,34,44,6,3.0
910,06/25/2008,53,45,14,21,25,9,2.0
911,06/21/2008,8,7,50,31,9,31,2.0
912,06/18/2008,52,9,31,39,12,32,4.0
913,06/14/2008,50,31,9,20,11,14,4.0
914,06/11/2008,7,49,18,28,21,1,5.0
915,06/07/2008,26,44,34,12,48,9,2.0
916,06/04/2008,18,5,52,40,20,3,3.0
917,05/31/2008,9,17,3,14,25,8,4.0
918,05/28/2008,18,45,22,10,37,9,2.0
919,05/24/2008,40,33,51,52,41,6,2.0
920,05/21/2008,21,33,42,7,16,25,4.0
921,05/17/2008,12,21,14,15,43,30,3.0
922,05/14/2008,46,29,21,32,19,32,2.0
923,05/10/2008,30,7,18,45,41,6,2.0
924,05/07/2008,42,26,25,28,9,26,2.0
925,05/03/2008,28,2,36,46,42,40,3.0
926,04/30/2008,25,51,43,17,1,38,3.0
927,04/26/2008,27,45,7,12,17,24,5.0
928,04/23/2008,22,39,21,20,11,1,10.0
929,04/19/2008,24,13,19,39,33,8,3.0
930,04/16/2008,21,18,11,16,51,16,10.0
931,04/12/2008,52,11,55,48,29,36,4.0
932,04/09/2008,46,13,32,3,19,18,4.0
933,04/05/2008,30,47,27,12,37,26,5.0
934,04/02/2008,37,1,55,44,34,33,4.0
935,03/29/2008,18,36,31,25,20,7,5.0
936,03/26/2008,20,37,49,9,12,17,2.0
937,03/22/2008,48,46,28,25,7,19,3.0
938,03/19/2008,29,6,8,49,41,42,4.0
939,03/15/2008,6,42,43,47,22,16,2.0
940,03/12/2008,30,12,34,19,36,8,4.0
941,03/08/2008,29,49,17,34,31,16,2.0
942,03/05/2008,10,15,23,16,31,5,3.0
943,03/01/2008,31,21,19,2,55,19,4.0
944,02/27/2008,37,48,53,20,24,11,5.0
945,02/23/2008,23,29,8,13,47,32,3.0
946,02/20/2008,20,9,36,22,12,31,3.0
947,02/16/2008,3,49,4,20,8,18,3.0
948,02/13/2008,32,13,38,51,19,30,3.0
949,02/09/2008,24,4,23,43,30,28,5.0
950,02/06/2008,3,43,5,42,12,5,5.0
951,02/02/2008,14,44,25,26,16,30,3.0
952,01/30/2008,55,2,17,41,54,17,2.0
953,01/26/2008,39,53,35,11,54,24,2.0
954,01/23/2008,48,47,35,4,16,39,3.0
955,01/19/2008,28,20,23,25,27,2,5.0
956,01/16/2008,9,18,47,38,19,11,5.0
957,01/12/2008,47,53,43,23,39,14,3.0
958,01/09/2008,2,20,13,23,21,24,3.0
959,01/05/2008,33,11,16,4,40,9,4.0
960,01/02/2008,31,34,48,11,2,5,4.0
961,12/29/2007,8,12,49,17,35,18,4.0
962,12/26/2007,55,32,8,54,41,20,3.0
963,12/22/2007,34,10,38,5,11,21,4.0
964,12/19/2007,22,15,42,18,23,37,3.0
965,12/15/2007,47,22,37,48,50,17,3.0
966,12/12/2007,7,40,55,33,14,15,5.0
967,12/08/2007,31,8,29,25,4,41,3.0
968,12/05/2007,8,55,21,15,1,41,3.0
969,12/01/2007,41,32,39,55,7,13,2.0
970,11/28/2007,23,39,8,32,37,38,3.0
971,11/24/2007,7,1,23,35,13,19,5.0
972,11/21/2007,13,11,20,3,40,20,2.0
973,11/17/2007,53,52,49,27,17,23,3.0
974,11/14/2007,16,30,20,18,48,6,2.0
975,11/10/2007,6,26,30,24,22,12,4.0
976,11/07/2007,46,22,35,52,29,2,5.0
977,11/03/2007,1,38,40,53,31,42,2.0
978,10/31/2007,29,18,6,37,16,24,2.0
979,10/27/2007,13,25,30,40,43,12,4.0
980,10/24/2007,10,52,11,49,18,2,4.0
981,10/20/2007,40,10,11,37,54,10,3.0
982,10/17/2007,46,15,42,19,14,37,4.0
983,10/13/2007,21,34,36,30,49,42,3.0
984,10/10/2007,31,54,33,16,12,5,4.0
985,10/06/2007,33,32,51,8,30,2,3.0
986,10/03/2007,2,4,15,28,14,23,4.0
987,09/29/2007,38,55,33,31,49,39,3.0
988,09/26/2007,27,54,25,31,44,8,2.0
989,09/22/2007,4,9,18,55,43,3,3.0
990,09/19/2007,26,25,20,46,45,15,3.0
991,09/15/2007,51,48,16,13,27,21,5.0
992,09/12/2007,47,5,24,26,33,1,4.0
993,09/08/2007,12,30,7,48,28,40,2.0
994,09/05/2007,48,30,21,20,11,18,2.0
995,09/01/2007,19,39,23,37,12,13,4.0
996,08/29/2007,33,47,13,16,44,29,3.0
997,08/25/2007,23,29,35,8,2,19,3.0
998,08/22/2007,12,37,48,40,50,37,4.0
999,08/18/2007,15,12,31,28,50,12,5.0
1000,08/15/2007,19,51,24,22,38,9,2.0
1001,08/11/2007,37,1,11,10,40,20,4.0
1002,08/08/2007,52,21,9,16,30,9,2.0
1003,08/04/2007,27,24,2,36,23,3,2.0
1004,08/01/2007,16,52,9,23,51,12,5.0
1005,07/28/2007,19,24,47,27,15,11,5.0
1006,07/25/2007,28,35,47,40,53,30,5.0
1007,07/21/2007,46,39,30,14,43,14,4.0
1008,07/18/2007,9,42,14,40,3,3,4.0
1009,07/14/2007,1,36,30,34,21,37,5.0
1010,07/11/2007,43,42,20,29,8,35,5.0
1011,07/07/2007,47,21,41,15,27,20,3.0
1012,07/04/2007,17,49,15,1,2,35,5.0
1013,06/30/2007,38,39,47,24,46,26,3.0
1014,06/27/2007,9,13,11,24,43,18,4.0
1015,06/23/2007,27,43,14,15,53,28,4.0
1016,06/20/2007,32,31,55,37,23,35,3.0
1017,06/16/2007,8,47,4,51,32,27,5.0
1018,06/13/2007,47,28,13,30,10,26,3.0
1019,06/09/2007,10,7,32,25,41,22,2.0
1020,06/06/2007,45,14,48,5,9,28,4.0
1021,06/02/2007,2,36,22,32,47,36,5.0
1022,05/30/2007,55,7,54,23,35,28,2.0
1023,05/26/2007,21,5,46,1,51,29,4.0
1024,05/23/2007,38,24,3,11,36,6,4.0
1025,05/19/2007,26,19,45,21,3,2,2.0
1026,05/16/2007,42,7,16,6,34,23,2.0
1027,05/12/2007,30,51,53,44,46,25,3.0
1028,05/09/2007,44,2,52,30,13,40,4.0
1029,05/05/2007,29,21,13,40,50,6,2.0
1030,05/02/2007,40,1,8,47,35,9,3.0
1031,04/28/2007,16,43,46,49,22,10,4.0
1032,04/25/2007,14,12,13,17,53,11,4.0
1033,04/21/2007,45,26,28,22,33,17,4.0
1034,04/18/2007,13,10,24,12,6,19,3.0
1035,04/14/2007,12,49,21,36,38,18,10.0
1036,04/11/2007,42,51,6,38,15,18,2.0
1037,04/07/2007,28,55,54,2,31,23,4.0
1038,04/04/2007,39,19,53,30,40,16,5.0
1039,03/31/2007,36,5,2,16,40,36,2.0
1040,03/28/2007,47,6,35,20,37,1,2.0
1041,03/24/2007,53,38,40,10,48,3,5.0
1042,03/21/2007,53,38,24,54,16,5,5.0
1043,03/17/2007,17,47,44,7,54,3,3.0
1044,03/14/2007,44,4,27,30,39,18,2.0
1045,03/10/2007,42,18,43,34,14,32,5.0
1046,03/07/2007,18,16,46,19,13,36,5.0
1047,03/03/2007,16,22,5,1,48,6,3.0
1048,02/28/2007,41,20,13,42,53,2,3.0
1049,02/24/2007,42,55,38,54,36,24,3.0
1050,02/21/2007,8,2,29,22,37,3,3.0
1051,02/17/2007,35,1,15,37,45,32,3.0
1052,02/14/2007,3,30,26,54,55,15,3.0
1053,02/10/2007,41,11,16,42,2,16,3.0
1054,02/07/2007,22,4,28,37,52,10,3.0
1055,02/03/2007,13,20,33,42,12,37,5.0
1056,01/31/2007,48,42,2,25,15,14,4.0
1057,01/27/2007,10,26,19,32,27,14,5.0
1058,01/24/2007,53,29,9,42,19,17,3.0
1059,01/20/2007,1,38,5,26,32,30,5.0
1060,01/17/2007,52,35,16,49,50,31,2.0
1061,01/13/2007,21,1,26,23,25,4,2.0
1062,01/10/2007,45,54,42,53,36,36,2.0
1063,01/06/2007,24,40,1,50,49,38,4.0
1064,01/03/2007,12,55,24,35,10,31,3.0
1065,12/30/2006,31,28,23,9,36,26,5.0
1066,12/27/2006,14,29,16,27,41,29,3.0
1067,12/23/2006,27,43,53,8,52,5,5.0
1068,12/20/2006,6,26,14,1,34,34,5.0
1069,12/16/2006,28,17,36,5,51,5,4.0
1070,12/13/2006,33,32,19,54,42,15,3.0
1071,12/09/2006,52,22,19,34,30,40,4.0
1072,12/06/2006,38,36,35,7,34,14,4.0
1073,12/02/2006,42,34,50,45,17,11,3.0
1074,11/29/2006,2,9,12,8,19,25,3.0
1075,11/25/2006,55,49,28,5,18,38,5.0
1076,11/22/2006,22,49,32,36,55,8,5.0
1077,11/18/2006,42,36,19,1,8,20,2.0
1078,11/15/2006,11,28,43,30,34,29,3.0
1079,11/11/2006,40,49,38,35,55,41,2.0
1080,11/08/2006,12,53,8,11,26,4,4.0
1081,11/04/2006,44,13,34,12,39,5,5.0
1082,11/01/2006,46,54,13,7,8,35,2.0
1083,10/28/2006,38,22,41,30,14,12,5.0
1084,10/25/2006,16,40,43,48,42,1,5.0
1085,10/21/2006,45,55,29,9,31,7,4.0
1086,10/18/2006,41,2,24,34,48,24,3.0
1087,10/14/2006,26,15,1,17,40,19,2.0
1088,10/11/2006,38,10,35,5,12,9,4.0
1089,10/07/2006,4,31,45,3,8,12,5.0
1090,10/04/2006,39,27,7,3,40,8,5.0
1091,09/30/2006,30,32,15,39,6,5,5.0
1092,09/27/2006,49,23,33,35,28,16,3.0
1093,09/23/2006,21,45,26,13,50,20,4.0
1094,09/20/2006,54,8,7,29,17,26,2.0
1095,09/16/2006,26,42,27,7,8,12,5.0
1096,09/13/2006,15,47,19,45,26,3,4.0
1097,09/09/2006,20,47,3,22,19,2,2.0
1098,09/06/2006,27,35,21,55,2,1,4.0
1099,09/02/2006,24,28,3,49,8,25,4.0
1100,08/30/2006,35,3,19,43,33,1,4.0
1101,08/26/2006,26,24,42,38,46,16,5.0
1102,08/23/2006,17,8,51,24,38,31,5.0
1103,08/19/2006,12,51,29,22,26,9,3.0
1104,08/16/2006,22,2,13,50,48,2,4.0
1105,08/12/2006,14,54,27,18,13,32,5.0
1106,08/09/2006,52,19,43,41,16,35,2.0
1107,08/05/2006,48,50,3,9,2,23,2.0
1108,08/02/2006,24,19,10,16,13,15,4.0
1109,07/29/2006,14,39,55,19,26,29,4.0
1110,07/26/2006,10,5,24,17,43,31,4.0
1111,07/22/2006,40,47,14,55,54,6,4.0
1112,07/19/2006,44,50,2,38,32,21,4.0
1113,07/15/2006,36,20,47,50,35,5,4.0
1114,07/12/2006,31,33,30,18,19,15,5.0
1115,07/08/2006,50,44,49,32,37,13,4.0
1116,07/05/2006,26,52,39,41,53,20,2.0
1117,07/01/2006,40,35,42,2,31,34,3.0
1118,06/28/2006,45,51,8,16,2,32,5.0
1119,06/24/2006,39,8,47,11,30,23,3.0
1120,06/21/2006,11,19,22,43,45,34,3.0
1121,06/17/2006,39,48,20,22,10,25,4.0
1122,06/14/2006,4,40,14,48,15,12,3.0
1123,06/10/2006,36,54,24,26,16,11,3.0
1124,06/07/2006,20,10,4,26,40,8,5.0
1125,06/03/2006,20,5,18,50,6,35,5.0
1126,05/31/2006,49,22,20,43,10,3,5.0
1127,05/27/2006,41,6,27,23,47,19,3.0
1128,05/24/2006,3,12,47,51,2,10,3.0
1129,05/20/2006,23,2,9,44,45,38,2.0
1130,05/17/2006,15,26,24,35,17,38,4.0
1131,05/13/2006,30,54,19,47,28,13,3.0
1132,05/10/2006,4,3,11,44,37,24,3.0
1133,05/06/2006,38,12,32,23,25,27,2.0
1134,05/03/2006,38,19,6,42,4,37,2.0
1135,04/29/2006,19,40,35,30,41,14,5.0
1136,04/26/2006,55,26,48,24,12,14,4.0
1137,04/22/2006,4,6,27,5,18,24,5.0
1138,04/19/2006,32,53,34,5,28,10,4.0
1139,04/15/2006,46,23,13,28,18,33,3.0
1140,04/12/2006,34,41,26,35,16,24,4.0
1141,04/08/2006,35,4,43,44,23,35,3.0
1142,04/05/2006,29,39,9,24,3,42,2.0
1143,04/01/2006,55,10,50,1,23,29,3.0
1144,03/29/2006,24,28,54,2,14,13,2.0
1145,03/25/2006,20,37,34,45,39,32,4.0
1146,03/22/2006,45,38,23,22,18,31,2.0
1147,03/18/2006,25,1,36,42,34,19,2.0
1148,03/15/2006,36,48,54,7,12,37,5.0
1149,03/11/2006,54,37,35,52,16,33,10.0
1150,03/08/2006,5,7,21,1,43,20,5.0
1151,03/04/2006,13,52,22,55,27,26,5.0
1152,03/01/2006,25,10,35,41,38,23,5.0
1153,02/25/2006,51,3,48,46,37,22,4.0
1154,02/22/2006,47,53,23,55,9,39,2.0
1155,02/18/2006,44,48,15,43,17,29,4.0
1156,02/15/2006,39,35,3,13,40,37,5.0
1157,02/11/2006,38,7,51,40,52,14,4.0
1158,02/08/2006,48,32,25,14,54,10,5.0
1159,02/04/2006,38,30,4,13,12,30,4.0
1160,02/01/2006,13,30,55,11,35,37,4.0
1161,01/28/2006,26,15,28,36,14,36,3.0
1162,01/25/2006,52,37,50,43,10,14,5.0
1163,01/21/2006,54,18,3,39,43,41,3.0
1164,01/18/2006,53,38,15,29,52,7,2.0
1165,01/14/2006,49,14,6,46,40,17,5.0
1166,01/11/2006,18,14,3,17,6,14,2.0
1167,01/07/2006,2,21,43,32,16,6,4.0
1168,01/04/2006,23,10,48,54,42,3,4.0
1169,12/31/2005,43,4,46,30,37,42,2.0
1170,12/28/2005,12,46,15,54,30,1,3.0
1171,12/24/2005,4,10,34,50,33,14,2.0
1172,12/21/2005,23,43,12,16,9,37,3.0
1173,12/17/2005,24,44,53,36,46,18,5.0
1174,12/14/2005,45,15,8,16,51,11,5.0
1175,12/10/2005,45,34,42,3,21,39,4.0
1176,12/07/2005,45,30,54,41,19,14,5.0
1177,12/03/2005,2,26,42,15,37,36,3.0
1178,11/30/2005,42,23,19,27,52,1,5.0
1179,11/26/2005,34,28,53,37,45,32,5.0
1180,11/23/2005,24,25,9,27,12,33,4.0
1181,11/19/2005,15,54,20,41,8,22,3.0
1182,11/16/2005,5,20,44,21,18,27,3.0
1183,11/12/2005,48,41,17,55,37,39,4.0
1184,11/09/2005,5,49,14,13,31,30,2.0
1185,11/05/2005,37,25,50,29,7,17,4.0
1186,11/02/2005,41,14,6,11,27,38,5.0
1187,10/29/2005,41,50,22,19,14,21,4.0
1188,10/26/2005,43,39,2,42,10,23,3.0
1189,10/22/2005,36,6,53,51,7,17,5.0
1190,10/19/2005,49,21,44,7,43,29,5.0
1191,10/15/2005,34,1,7,8,45,15,3.0
1192,10/12/2005,54,51,9,18,4,10,5.0
1193,10/08/2005,26,31,35,50,46,28,5.0
1194,10/05/2005,25,30,45,2,15,17,5.0
1195,10/01/2005,18,54,38,8,45,23,5.0
1196,09/28/2005,7,22,27,48,50,17,2.0
1197,09/24/2005,2,10,43,55,31,14,5.0
1198,09/21/2005,35,28,34,3,50,8,3.0
1199,09/17/2005,49,52,5,9,27,6,2.0
1200,09/14/2005,24,50,21,42,49,1,4.0
1201,09/10/2005,10,11,8,48,50,16,4.0
1202,09/07/2005,32,50,12,40,54,37,3.0
1203,09/03/2005,30,3,31,1,43,36,4.0
1204,08/31/2005,17,19,13,50,41,13,2.0
1205,08/27/2005,8,39,31,44,22,11,5.0
1206,08/24/2005,35,9,26,11,51,32,5.0
1207,08/20/2005,27,13,28,29,49,36,4.0
1208,08/17/2005,8,43,53,30,3,15,5.0
1209,08/13/2005,2,37,43,18,1,37,4.0
1210,08/10/2005,31,13,49,38,36,2,5.0
1211,08/06/2005,9,1,19,36,53,33,3.0
1212,08/03/2005,39,5,24,19,28,24,5.0
1213,07/30/2005,14,38,35,8,46,24,5.0
1214,07/27/2005,4,13,10,29,1,3,5.0
1215,07/23/2005,28,13,20,32,16,36,5.0
1216,07/20/2005,51,7,32,39,6,31,2.0
1217,07/16/2005,50,33,32,41,8,22,5.0
1218,07/13/2005,5,23,43,4,13,34,4.0
1219,07/09/2005,53,39,8,9,47,4,5.0
1220,07/06/2005,12,25,48,2,30,38,4.0
1221,07/02/2005,29,9,10,52,39,20,4.0
1222,06/29/2005,42,8,49,22,3,39,5.0
1223,06/25/2005,28,32,40,7,31,14,2.0
1224,06/22/2005,13,51,42,23,9,15,5.0
1225,06/18/2005,10,5,24,16,8,5,5.0
1226,06/15/2005,39,20,22,14,44,14,5.0
1227,06/11/2005,3,46,10,24,14,37,3.0
1228,06/08/2005,36,10,43,40,42,42,5.0
1229,06/04/2005,16,44,7,38,48,18,4.0
1230,06/01/2005,34,50,39,42,15,12,2.0
1231,05/28/2005,39,24,5,28,7,36,4.0
1232,05/25/2005,29,46,27,31,42,33,2.0
1233,05/21/2005,7,30,5,10,2,23,2.0
1234,05/18/2005,17,7,20,13,35,35,5.0
1235,05/14/2005,49,21,29,38,52,42,2.0
1236,05/11/2005,46,49,5,48,25,6,5.0
1237,05/07/2005,47,44,23,21,39,19,2.0
1238,05/04/2005,27,33,40,10,21,2,2.0
1239,04/30/2005,8,48,32,15,17,24,4.0
1240,04/27/2005,42,11,32,13,18,4,5.0
1241,04/23/2005,15,8,50,9,13,9,3.0
1242,04/20/2005,7,16,33,34,46,27,5.0
1243,04/16/2005,11,44,38,51,45,41,2.0
1244,04/13/2005,37,51,6,13,52,25,5.0
1245,04/09/2005,46,11,1,35,53,29,3.0
1246,04/06/2005,5,14,11,51,22,17,3.0
1247,04/02/2005,11,9,5,17,46,39,5.0
1248,03/30/2005,28,39,22,32,33,42,5.0
1249,03/26/2005,35,12,9,51,41,36,5.0
1250,03/23/2005,29,23,40,45,37,38,5.0
1251,03/19/2005,41,1,21,32,28,9,4.0
1252,03/16/2005,19,38,11,25,50,35,2.0
1253,03/12/2005,40,23,52,46,7,41,5.0
1254,03/09/2005,20,17,10,23,45,31,3.0
1255,03/05/2005,40,9,27,53,13,28,2.0
1256,03/02/2005,48,18,46,3,10,8,5.0
1257,02/26/2005,33,22,49,30,8,6,5.0
1258,02/23/2005,4,48,15,10,51,13,4.0
1259,02/19/2005,12,15,18,52,27,36,3.0
1260,02/16/2005,48,21,41,27,25,25,5.0
1261,02/12/2005,50,21,28,18,49,16,5.0
1262,02/09/2005,10,15,9,18,29,9,5.0
1263,02/05/2005,44,11,34,47,37,23,5.0
1264,02/02/2005,16,44,40,10,11,2,5.0
1265,01/29/2005,41,29,20,16,11,12,5.0
1266,01/26/2005,5,32,48,47,43,33,2.0
1267,01/22/2005,33,32,34,11,23,38,4.0
1268,01/19/2005,49,32,9,18,33,27,3.0
1269,01/15/2005,37,49,21,51,26,25,5.0
1270,01/12/2005,50,21,27,38,23,38,5.0
1271,01/08/2005,11,22,24,9,43,2,4.0
1272,01/05/2005,10,7,37,4,30,37,5.0
1273,01/01/2005,47,22,23,26,44,12,5.0
1274,12/29/2004,44,33,29,38,24,7,5.0
1275,12/25/2004,39,29,32,53,45,16,3.0
1276,12/22/2004,7,11,31,24,2,18,5.0
1277,12/18/2004,30,1,29,25,45,12,3.0
1278,12/15/2004,38,1,53,11,6,11,4.0
1279,12/11/2004,16,53,41,7,6,23,5.0
1280,12/08/2004,17,13,50,35,45,2,2.0
1281,12/04/2004,30,9,22,6,16,4,4.0
1282,12/01/2004,44,28,36,38,3,1,4.0
1283,11/27/2004,16,35,47,36,28,31,2.0
1284,11/24/2004,47,49,53,3,19,4,4.0
1285,11/20/2004,45,50,48,4,29,1,2.0
1286,11/17/2004,31,15,46,25,36,37,2.0
1287,11/13/2004,33,34,26,5,6,13,5.0
1288,11/10/2004,14,43,45,21,29,26,2.0
1289,11/06/2004,18,22,33,40,38,19,3.0
1290,11/03/2004,48,43,45,11,35,42,4.0
1291,10/30/2004,20,27,48,40,30,11,2.0
1292,10/27/2004,40,51,44,11,17,21,5.0
1293,10/23/2004,49,50,15,52,24,40,5.0
1294,10/20/2004,41,46,11,17,1,24,5.0
1295,10/16/2004,22,42,5,36,20,11,2.0
1296,10/13/2004,17,45,46,5,14,41,4.0
1297,10/09/2004,10,48,47,3,1,27,3.0
1298,10/06/2004,50,19,44,5,6,28,4.0
1299,10/02/2004,32,35,29,13,2,4,4.0
1300,09/29/2004,35,16,37,28,33,17,3.0
1301,09/25/2004,41,11,40,48,25,3,5.0
1302,09/22/2004,37,6,34,14,40,7,5.0
1303,09/18/2004,14,36,31,2,27,9,4.0
1304,09/15/2004,28,17,1,50,8,20,4.0
1305,09/11/2004,36,25,49,46,34,9,2.0
1306,09/08/2004,28,4,2,33,52,18,3.0
1307,09/04/2004,46,15,26,25,13,28,2.0
1308,09/01/2004,44,45,33,51,31,31,4.0
1309,08/28/2004,35,6,30,45,39,31,3.0
1310,08/25/2004,32,1,50,30,37,19,5.0
1311,08/21/2004,40,27,39,16,3,3,5.0
1312,08/18/2004,35,40,42,33,31,40,2.0
1313,08/14/2004,4,10,43,18,11,41,3.0
1314,08/11/2004,10,33,5,51,29,35,5.0
1315,08/07/2004,16,34,9,8,48,8,5.0
1316,08/04/2004,37,11,26,22,51,21,5.0
1317,07/31/2004,47,31,14,35,45,35,3.0
1318,07/28/2004,40,4,39,19,50,22,3.0
1319,07/24/2004,52,29,2,3,13,25,4.0
1320,07/21/2004,42,38,46,31,3,2,5.0
1321,07/17/2004,23,45,50,20,36,9,3.0
1322,07/14/2004,9,49,24,45,50,37,3.0
1323,07/10/2004,17,44,23,16,26,13,4.0
1324,07/07/2004,41,34,30,25,18,10,5.0
1325,07/03/2004,3,30,8,47,12,23,4.0
1326,06/30/2004,47,45,2,31,29,4,5.0
1327,06/26/2004,17,47,9,32,41,8,5.0
1328,06/23/2004,16,20,9,12,39,1,5.0
1329,06/19/2004,2,37,36,48,9,16,2.0
1330,06/16/2004,16,18,48,39,26,22,5.0
1331,06/12/2004,6,52,48,43,20,28,3.0
1332,06/09/2004,31,50,37,1,33,40,2.0
1333,06/05/2004,41,5,42,39,26,39,5.0
1334,06/02/2004,26,6,12,29,5,30,5.0
1335,05/29/2004,1,16,32,39,30,2,5.0
1336,05/26/2004,38,10,31,3,35,16,2.0
1337,05/22/2004,1,49,42,36,7,41,5.0
1338,05/19/2004,31,14,41,37,15,31,5.0
1339,05/15/2004,1,26,46,27,43,31,2.0
1340,05/12/2004,42,45,11,31,35,35,4.0
1341,05/08/2004,37,3,43,9,17,39,4.0
1342,05/05/2004,21,25,16,9,32,8,3.0
1343,05/01/2004,1,34,47,10,39,33,3.0
1344,04/28/2004,27,34,52,49,42,23,2.0
1345,04/24/2004,2,44,35,13,22,28,2.0
1346,04/21/2004,11,8,51,42,34,27,4.0
1347,04/17/2004,41,4,42,34,29,11,5.0
1348,04/14/2004,38,22,1,20,6,22,3.0
1349,04/10/2004,2,48,30,9,47,40,2.0
1350,04/07/2004,7,37,2,35,16,10,5.0
1351,04/03/2004,43,7,26,6,32,13,3.0
1352,03/31/2004,15,31,39,34,50,35,3.0
1353,03/27/2004,30,17,2,15,34,32,2.0
1354,03/24/2004,39,47,43,20,18,31,5.0
1355,03/20/2004,44,14,24,27,2,6,5.0
1356,03/17/2004,24,15,20,43,7,5,4.0
1357,03/13/2004,50,44,11,48,45,2,3.0
1358,03/10/2004,10,41,22,20,49,6,5.0
1359,03/06/2004,49,46,17,51,9,9,5.0
1360,03/03/2004,23,11,17,53,5,34,2.0
1361,02/28/2004,25,52,53,6,26,40,2.0
1362,02/25/2004,4,47,17,11,5,35,5.0
1363,02/21/2004,22,26,53,48,15,14,5.0
1364,02/18/2004,50,36,24,4,44,2,4.0
1365,02/14/2004,25,10,35,43,24,32,5.0
1366,02/11/2004,5,50,52,16,28,4,4.0
1367,02/07/2004,46,39,31,35,34,3,2.0
1368,02/04/2004,17,7,32,25,12,33,2.0
1369,01/31/2004,37,6,3,27,41,38,4.0
1370,01/28/2004,17,13,8,39,48,34,4.0
1371,01/24/2004,1,38,37,5,53,31,3.0
1372,01/21/2004,17,45,41,34,13,17,4.0
1373,01/17/2004,48,32,9,45,8,15,5.0
1374,01/14/2004,44,33,12,50,40,40,5.0
1375,01/10/2004,13,2,27,19,50,5,5.0
1376,01/07/2004,44,4,18,14,7,25,3.0
1377,01/03/2004,42,4,22,5,41,2,4.0
1378,12/31/2003,5,7,28,18,35,1,3.0
1379,12/27/2003,17,34,32,16,43,31,5.0
1380,12/24/2003,1,44,6,34,31,25,3.0
1381,12/20/2003,48,24,12,25,20,37,4.0
1382,12/17/2003,43,15,18,21,19,7,5.0
1383,12/13/2003,17,25,44,19,26,19,3.0
1384,12/10/2003,40,4,17,26,37,15,4.0
1385,12/06/2003,24,45,21,41,37,39,5.0
1386,12/03/2003,37,1,43,10,35,30,4.0
1387,11/29/2003,39,14,43,51,36,15,5.0
1388,11/26/2003,16,1,3,41,37,19,5.0
1389,11/22/2003,45,9,12,29,17,4,2.0
1390,11/19/2003,36,42,26,16,47,33,4.0
1391,11/15/2003,20,8,22,32,52,39,5.0
1392,11/12/2003,22,11,7,19,20,1,4.0
1393,11/08/2003,5,24,52,38,8,22,5.0
1394,11/05/2003,20,38,27,6,39,31,5.0
1395,11/01/2003,34,19,37,47,16,18,5.0
1396,10/29/2003,22,34,19,8,53,29,3.0
1397,10/25/2003,6,17,48,45,47,4,3.0
1398,10/22/2003,53,27,25,3,28,35,5.0
1399,10/18/2003,35,22,25,34,33,14,5.0
1400,10/15/2003,29,6,39,52,9,8,5.0
1401,10/11/2003,11,32,45,14,21,21,2.0
1402,10/08/2003,6,25,7,8,1,18,5.0
1403,10/04/2003,8,13,29,44,48,36,3.0
1404,10/01/2003,50,5,4,21,19,41,2.0
1405,09/27/2003,48,20,9,41,30,29,5.0
1406,09/24/2003,28,47,19,20,17,37,4.0
1407,09/20/2003,13,33,11,31,28,29,4.0
1408,09/17/2003,32,2,19,34,24,2,5.0
1409,09/13/2003,32,28,6,19,10,39,5.0
1410,09/10/2003,3,33,30,17,29,34,5.0
1411,09/06/2003,41,15,6,20,18,17,5.0
1412,09/03/2003,19,9,6,24,40,31,5.0
1413,08/30/2003,35,49,41,36,9,33,3.0
1414,08/27/2003,31,46,36,42,24,32,5.0
1415,08/23/2003,39,50,51,46,1,7,5.0
1416,08/20/2003,35,22,46,48,8,15,5.0
1417,08/16/2003,15,20,42,37,13,7,5.0
1418,08/13/2003,44,26,48,35,31,32,2.0
1419,08/09/2003,25,40,18,23,26,15,4.0
1420,08/06/2003,48,11,14,26,31,30,2.0
1421,08/02/2003,41,42,17,40,46,25,3.0
1422,07/30/2003,26,31,49,22,18,28,2.0
1423,07/26/2003,9,34,30,10,32,11,3.0
1424,07/23/2003,51,37,34,16,4,38,5.0
1425,07/19/2003,34,48,29,14,30,1,5.0
1426,07/16/2003,30,18,49,28,27,20,5.0
1427,07/12/2003,50,51,6,16,52,23,4.0
1428,07/09/2003,19,26,21,31,51,40,3.0
1429,07/05/2003,17,49,5,25,37,21,2.0
1430,07/02/2003,26,17,24,45,16,36,5.0
1431,06/28/2003,44,14,7,41,9,25,4.0
1432,06/25/2003,43,5,35,50,26,4,4.0
1433,06/21/2003,27,15,19,44,36,17,5.0
1434,06/18/2003,19,45,21,20,46,20,4.0
1435,06/14/2003,12,42,50,40,26,3,5.0
1436,06/11/2003,44,46,16,12,43,38,2.0
1437,06/07/2003,27,17,11,40,26,6,3.0
1438,06/04/2003,26,53,24,14,2,1,2.0
1439,05/31/2003,46,26,52,10,30,35,3.0
1440,05/28/2003,17,6,16,19,38,16,5.0
1441,05/24/2003,49,10,48,42,50,42,5.0
1442,05/21/2003,41,32,30,4,35,9,2.0
1443,05/17/2003,18,42,13,5,50,4,2.0
1444,05/14/2003,34,52,45,20,33,21,5.0
1445,05/10/2003,1,2,6,20,10,38,4.0
1446,05/07/2003,13,35,18,51,34,28,5.0
1447,05/03/2003,14,40,39,47,21,6,5.0
1448,04/30/2003,32,13,17,33,7,35,4.0
1449,04/26/2003,36,11,13,5,22,31,4.0
1450,04/23/2003,51,14,23,15,31,34,2.0
1451,04/19/2003,48,10,18,40,46,30,5.0
1452,04/16/2003,39,50,41,25,4,31,5.0
1453,04/12/2003,17,52,27,35,28,2,5.0
1454,04/09/2003,38,51,6,28,35,41,2.0
1455,04/05/2003,46,14,49,7,23,20,5.0
1456,04/02/2003,47,17,50,12,35,13,4.0
1457,03/29/2003,25,2,17,9,36,8,2.0
1458,03/26/2003,52,28,10,40,31,41,5.0
1459,03/22/2003,29,5,31,49,47,25,3.0
1460,03/19/2003,19,37,47,51,40,40,5.0
1461,03/15/2003,45,52,41,30,12,35,5.0
1462,03/12/2003,24,44,52,25,5,20,3.0
1463,03/08/2003,20,45,1,21,5,24,3.0
1464,03/05/2003,37,28,44,2,24,6,2.0
1465,03/01/2003,28,7,6,27,41,3,5.0
1466,02/26/2003,34,27,23,31,10,11,2.0
1467,02/22/2003,10,2,9,6,5,26,2.0
1468,02/19/2003,16,11,44,17,6,26,5.0
1469,02/15/2003,29,1,42,38,26,30,2.0
1470,02/12/2003,49,7,12,19,47,6,4.0
1471,02/08/2003,21,23,13,20,2,35,5.0
1472,02/05/2003,2,7,48,9,5,32,5.0
1473,02/01/2003,11,2,39,21,16,42,5.0
1474,01/29/2003,12,53,30,27,10,28,5.0
1475,01/25/2003,10,15,51,12,49,21,5.0
1476,01/22/2003,40,30,20,28,43,3,3.0
1477,01/18/2003,34,4,52,48,17,10,4.0
1478,01/15/2003,17,42,44,30,4,15,5.0
1479,01/11/2003,9,46,48,45,51,2,5.0
1480,01/08/2003,44,16,22,46,26,20,3.0
1481,01/04/2003,11,39,1,40,37,23,2.0
1482,01/01/2003,42,43,34,53,18,17,5.0
1483,12/28/2002,50,2,15,38,43,29,5.0
1484,12/25/2002,53,14,5,16,29,7,4.0
1485,12/21/2002,39,34,52,5,22,30,5.0
1486,12/18/2002,52,50,14,33,2,22,5.0
1487,12/14/2002,42,44,24,17,8,37,2.0
1488,12/11/2002,6,14,22,12,33,21,3.0
1489,12/07/2002,17,27,32,3,48,1,2.0
1490,12/04/2002,35,13,20,21,40,35,4.0
1491,11/30/2002,19,1,4,21,29,8,2.0
1492,11/27/2002,1,25,40,53,20,19,5.0
1493,11/23/2002,49,21,15,19,16,5,4.0
1494,11/20/2002,14,22,44,21,29,3,3.0
1495,11/16/2002,40,51,32,33,35,1,2.0
1496,11/13/2002,50,18,23,38,31,20,5.0
1497,11/09/2002,53,38,30,40,36,8,5.0
1498,11/06/2002,9,19,17,12,11,23,5.0
1499,11/02/2002,34,35,15,32,8,34,4.0
1500,10/30/2002,9,23,41,19,16,12,5.0
1501,10/26/2002,33,14,12,39,27,41,3.0
1502,10/23/2002,18,30,2,14,31,36,5.0
1503,10/19/2002,4,42,18,25,20,29,4.0
1504,10/16/2002,8,31,24,37,11,41,5.0
1505,10/12/2002,23,49,46,52,26,28,5.0
1506,10/09/2002,9,38,43,10,42,5,4.0
1507,10/05/2002,22,14,39,43,19,12,2.0
1508,10/02/2002,4,5,43,2,38,34,2.0
1509,09/28/2002,24,22,12,35,31,8,3.0
1510,09/25/2002,49,36,23,12,1,9,2.0
1511,09/21/2002,45,11,28,40,3,33,5.0
1512,09/18/2002,44,42,6,27,32,10,5.0
1513,09/14/2002,14,5,40,26,31,29,4.0
1514,09/11/2002,6,3,39,26,48,28,3.0
1515,09/07/2002,24,12,19,34,6,18,5.0
1516,09/04/2002,26,15,18,36,31,20,5.0
1517,08/31/2002,14,22,12,29,41,41,5.0
1518,08/28/2002,38,36,30,24,37,42,2.0
1519,08/24/2002,24,18,45,5,10,20,5.0
1520,08/21/2002,48,1,47,6,43,36,1.0
1521,08/17/2002,46,33,3,42,26,41,3.0
1522,08/14/2002,19,4,33,16,41,29,2.0
1523,08/10/2002,11,16,21,35,27,31,5.0
1524,08/07/2002,13,40,35,47,46,35,4.0
1525,08/03/2002,34,24,33,13,19,41,5.0
1526,07/31/2002,2,4,34,22,6,26,4.0
1527,07/27/2002,17,5,44,22,2,30,1.0
1528,07/24/2002,16,19,34,37,22,20,4.0
1529,07/20/2002,13,3,2,26,6,10,1.0
1530,07/17/2002,25,10,40,11,45,25,5.0
1531,07/13/2002,22,49,42,3,37,8,3.0
1532,07/10/2002,31,43,37,45,26,32,5.0
1533,07/06/2002,2,39,27,9,36,13,3.0
1534,07/03/2002,7,19,38,48,49,10,5.0
1535,06/29/2002,45,4,35,33,36,22,5.0
1536,06/26/2002,9,24,17,23,6,14,4.0
1537,06/22/2002,16,37,1,48,26,9,2.0
1538,06/19/2002,4,7,3,11,1,23,3.0
1539,06/15/2002,16,42,8,7,43,15,3.0
1540,06/12/2002,49,39,27,13,18,20,1.0
1541,06/08/2002,48,46,26,42,37,38,3.0
1542,06/05/2002,18,1,21,36,47,33,2.0
1543,06/01/2002,17,27,2,6,19,2,3.0
1544,05/29/2002,49,28,18,35,31,13,1.0
1545,05/25/2002,29,9,42,33,30,27,4.0
1546,05/22/2002,20,5,22,34,23,19,1.0
1547,05/18/2002,25,2,32,31,18,1,2.0
1548,05/15/2002,30,33,37,36,49,35,5.0
1549,05/11/2002,3,36,15,16,40,22,1.0
1550,05/08/2002,11,6,34,25,28,35,3.0
1551,05/04/2002,12,6,9,20,7,20,5.0
1552,05/01/2002,48,3,26,32,45,6,5.0
1553,04/27/2002,12,18,1,33,9,14,1.0
1554,04/24/2002,13,1,16,43,33,1,2.0
1555,04/20/2002,40,27,34,44,42,8,4.0
1556,04/17/2002,2,23,36,3,22,22,2.0
1557,04/13/2002,38,16,22,33,32,13,4.0
1558,04/10/2002,29,17,12,7,48,21,3.0
1559,04/06/2002,22,16,30,15,35,20,5.0
1560,04/03/2002,14,36,8,29,17,3,1.0
1561,03/30/2002,29,13,8,16,19,37,1.0
1562,03/27/2002,35,43,15,40,46,33,3.0
1563,03/23/2002,39,2,10,48,1,13,1.0
1564,03/20/2002,4,20,30,49,25,37,5.0
1565,03/16/2002,45,16,38,37,10,14,5.0
1566,03/13/2002,4,28,27,49,33,39,2.0
1567,03/09/2002,2,49,12,38,44,19,3.0
1568,03/06/2002,30,38,5,15,7,2,5.0
1569,03/02/2002,6,25,46,22,36,34,4.0
1570,02/27/2002,2,6,19,45,1,27,4.0
1571,02/23/2002,15,21,38,19,8,33,1.0
1572,02/20/2002,19,8,9,25,22,11,5.0
1573,02/16/2002,31,42,19,45,32,6,5.0
1574,02/13/2002,43,33,38,10,2,19,4.0
1575,02/09/2002,30,35,21,17,36,12,1.0
1576,02/06/2002,28,10,34,24,35,32,3.0
1577,02/02/2002,27,45,19,43,12,28,1.0
1578,01/30/2002,7,21,15,9,40,18,2.0
1579,01/26/2002,5,14,22,30,15,31,4.0
1580,01/23/2002,14,47,32,18,30,36,5.0
1581,01/19/2002,21,35,49,41,23,5,2.0
1582,01/16/2002,24,34,31,47,40,30,2.0
1583,01/12/2002,13,41,19,22,47,5,3.0
1584,01/09/2002,39,7,40,42,43,4,5.0
1585,01/05/2002,7,8,32,17,14,15,5.0
1586,01/02/2002,36,46,23,44,42,33,3.0
1587,12/29/2001,45,10,43,27,15,31,2.0
1588,12/26/2001,19,39,23,41,8,21,3.0
1589,12/22/2001,27,33,14,24,34,6,3.0
1590,12/19/2001,35,43,36,20,26,23,4.0
1591,12/15/2001,11,22,13,8,37,17,4.0
1592,12/12/2001,35,43,47,20,4,27,4.0
1593,12/08/2001,35,17,48,31,26,35,2.0
1594,12/05/2001,14,9,8,13,21,37,3.0
1595,12/01/2001,48,46,41,6,38,37,2.0
1596,11/28/2001,48,24,5,15,18,16,2.0
1597,11/24/2001,27,37,42,12,10,30,5.0
1598,11/21/2001,31,28,38,41,27,13,1.0
1599,11/17/2001,7,35,27,1,10,34,4.0
1600,11/14/2001,17,28,30,4,40,3,1.0
1601,11/10/2001,7,13,33,38,16,13,4.0
1602,11/07/2001,25,4,17,2,6,31,1.0
1603,11/03/2001,14,37,6,49,36,20,3.0
1604,10/31/2001,2,18,16,40,35,41,5.0
1605,10/27/2001,17,28,10,1,45,20,5.0
1606,10/24/2001,27,6,15,42,24,32,5.0
1607,10/20/2001,40,16,47,7,33,33,2.0
1608,10/17/2001,46,7,40,5,29,5,1.0
1609,10/13/2001,37,40,41,46,48,20,2.0
1610,10/10/2001,8,16,1,7,19,37,5.0
1611,10/06/2001,31,21,9,5,1,12,1.0
1612,10/03/2001,23,35,20,2,49,25,5.0
1613,09/29/2001,15,2,29,47,21,12,4.0
1614,09/26/2001,35,18,30,26,44,19,4.0
1615,09/22/2001,27,42,39,34,23,40,1.0
1616,09/19/2001,31,28,21,41,26,29,5.0
1617,09/15/2001,33,43,28,49,19,23,3.0
1618,09/12/2001,47,25,39,13,35,1,3.0
1619,09/08/2001,12,28,13,48,6,26,3.0
1620,09/05/2001,14,42,18,33,24,8,5.0
1621,09/01/2001,27,7,30,44,24,29,1.0
1622,08/29/2001,35,9,49,4,32,28,3.0
1623,08/25/2001,17,8,42,22,47,21,2.0
1624,08/22/2001,2,36,39,30,28,10,3.0
1625,08/18/2001,22,14,3,20,48,17,1.0
1626,08/15/2001,37,40,44,29,43,6,5.0
1627,08/11/2001,14,41,11,25,20,8,4.0
1628,08/08/2001,37,25,41,10,2,2,2.0
1629,08/04/2001,16,26,46,24,20,9,3.0
1630,08/01/2001,39,26,24,34,25,31,4.0
1631,07/28/2001,33,36,4,23,45,29,1.0
1632,07/25/2001,37,16,29,39,23,17,2.0
1633,07/21/2001,19,27,20,15,3,20,5.0
1634,07/18/2001,9,4,31,26,49,2,2.0
1635,07/14/2001,27,15,1,13,41,2,4.0
1636,07/11/2001,16,24,26,10,18,13,5.0
1637,07/07/2001,9,34,22,46,3,17,1.0
1638,07/04/2001,30,25,3,28,26,10,3.0
1639,06/30/2001,33,3,6,34,39,15,2.0
1640,06/27/2001,7,13,16,3,35,22,3.0
1641,06/23/2001,42,38,40,6,35,36,2.0
1642,06/20/2001,5,9,49,18,14,32,1.0
1643,06/16/2001,44,17,13,2,45,14,1.0
1644,06/13/2001,41,9,32,36,34,14,2.0
1645,06/09/2001,37,23,42,43,20,27,3.0
1646,06/06/2001,10,40,45,20,21,22,1.0
1647,06/02/2001,10,45,48,26,17,38,5.0
1648,05/30/2001,12,36,28,43,11,9,1.0
1649,05/26/2001,9,10,40,24,21,36,4.0
1650,05/23/2001,34,21,49,32,19,38,2.0
1651,05/19/2001,49,47,10,6,21,2,2.0
1652,05/16/2001,28,20,44,13,12,17,5.0
1653,05/12/2001,11,36,28,16,29,21,5.0
1654,05/09/2001,49,22,14,19,9,34,2.0
1655,05/05/2001,7,20,45,9,19,5,2.0
1656,05/02/2001,42,2,36,19,30,19,2.0
1657,04/28/2001,1,20,11,39,34,37,5.0
1658,04/25/2001,39,28,14,29,26,39,1.0
1659,04/21/2001,24,38,5,25,30,40,2.0
1660,04/18/2001,6,18,11,20,44,39,3.0
1661,04/14/2001,3,16,30,8,29,4,2.0
1662,04/11/2001,21,4,41,32,39,31,3.0
1663,04/07/2001,37,20,41,31,18,1,4.0
1664,04/04/2001,5,43,16,12,13,11,3.0
1665,03/31/2001,11,39,41,27,37,42,2.0
1666,03/28/2001,27,43,31,12,4,20,5.0
1667,03/24/2001,2,28,37,40,49,22,5.0
1668,03/21/2001,13,18,14,20,21,16,1.0
1669,03/17/2001,36,16,18,15,20,18,5.0
1670,03/14/2001,42,22,27,49,12,34,2.0
1671,03/10/2001,30,19,12,26,33,11,3.0
1672,03/07/2001,32,9,23,45,40,31,5.0
1673,03/03/2001,44,36,23,9,8,15,
1674,02/28/2001,3,47,46,9,1,22,
1675,02/24/2001,41,30,49,34,29,37,
1676,02/21/2001,32,4,10,39,45,25,
1677,02/17/2001,31,39,22,41,4,6,
1678,02/14/2001,41,29,5,42,18,16,
1679,02/10/2001,46,16,41,38,47,25,
1680,02/07/2001,7,6,33,31,4,20,
1681,02/03/2001,29,27,44,21,41,9,
1682,01/31/2001,27,15,21,47,37,16,
1683,01/27/2001,45,19,41,32,8,37,
1684,01/24/2001,39,49,31,34,42,26,
1685,01/20/2001,36,25,11,1,29,40,
1686,01/17/2001,48,16,31,9,28,36,
1687,01/13/2001,42,19,23,14,29,26,
1688,01/10/2001,23,22,35,6,9,6,
1689,01/06/2001,22,43,1,24,39,26,
1690,01/03/2001,29,9,49,19,38,20,
1691,12/30/2000,46,38,29,23,26,35,
1692,12/27/2000,24,15,32,22,39,18,
1693,12/23/2000,27,6,11,15,22,27,
1694,12/20/2000,4,31,34,7,41,28,
1695,12/16/2000,26,34,2,33,39,23,
1696,12/13/2000,6,19,38,10,43,41,
1697,12/09/2000,14,41,10,8,42,20,
1698,12/06/2000,20,15,45,7,23,17,
1699,12/02/2000,22,14,38,41,11,39,
1700,11/29/2000,29,1,20,27,4,17,
1701,11/25/2000,37,2,39,38,42,22,
1702,11/22/2000,44,18,5,40,47,34,
1703,11/18/2000,27,31,41,3,32,33,
1704,11/15/2000,26,12,46,32,41,18,
1705,11/11/2000,21,38,12,4,46,37,
1706,11/08/2000,37,49,17,45,13,4,
1707,11/04/2000,34,5,22,42,9,2,
1708,11/01/2000,10,29,14,4,39,10,
1709,10/28/2000,37,32,6,11,47,13,
1710,10/25/2000,45,5,46,3,20,37,
1711,10/21/2000,24,45,13,19,44,16,
1712,10/18/2000,17,42,21,43,28,25,
1713,10/14/2000,16,22,18,41,14,37,
1714,10/11/2000,32,44,45,26,41,35,
1715,10/07/2000,4,7,39,34,27,1,
1716,10/04/2000,24,16,48,34,3,3,
1717,09/30/2000,24,19,32,44,43,39,
1718,09/27/2000,24,47,44,32,42,15,
1719,09/23/2000,35,1,17,36,27,31,
1720,09/20/2000,17,45,23,33,21,11,
1721,09/16/2000,19,47,1,40,49,14,
1722,09/13/2000,21,2,22,47,13,31,
1723,09/09/2000,18,42,14,29,20,2,
1724,09/06/2000,28,6,4,12,42,6,
1725,09/02/2000,5,26,22,14,20,35,
1726,08/30/2000,25,29,36,46,4,8,
1727,08/26/2000,40,43,27,22,16,5,
1728,08/23/2000,43,28,47,20,40,31,
1729,08/19/2000,17,36,23,10,13,23,
1730,08/16/2000,44,16,15,47,27,14,
1731,08/12/2000,46,47,31,6,38,21,
1732,08/09/2000,18,28,19,11,17,34,
1733,08/05/2000,32,38,28,13,33,14,
1734,08/02/2000,12,42,49,33,27,31,
1735,07/29/2000,38,24,26,11,41,7,
1736,07/26/2000,3,37,20,22,44,36,
1737,07/22/2000,12,2,33,15,41,33,
1738,07/19/2000,36,5,8,18,38,40,
1739,07/15/2000,21,5,8,49,46,34,
1740,07/12/2000,9,10,48,6,26,10,
1741,07/08/2000,10,2,39,34,7,12,
1742,07/05/2000,32,18,10,14,33,2,
1743,07/01/2000,42,14,22,13,32,26,
1744,06/28/2000,27,24,30,13,45,18,
1745,06/24/2000,49,13,26,27,2,4,
1746,06/21/2000,43,1,28,27,24,25,
1747,06/17/2000,25,15,47,44,6,7,
1748,06/14/2000,23,21,42,32,34,5,
1749,06/10/2000,47,2,32,40,16,15,
1750,06/07/2000,46,45,19,39,49,17,
1751,06/03/2000,31,37,13,14,15,10,
1752,05/31/2000,22,15,42,43,16,11,
1753,05/27/2000,30,29,2,44,22,36,
1754,05/24/2000,7,47,19,43,46,4,
1755,05/20/2000,40,5,48,17,44,26,
1756,05/17/2000,17,20,49,16,28,34,
1757,05/13/2000,38,1,42,27,3,24,
1758,05/10/2000,31,47,20,18,8,11,
1759,05/06/2000,39,4,27,29,41,16,
1760,05/03/2000,5,48,41,34,13,7,
1761,04/29/2000,12,14,35,26,36,37,
1762,04/26/2000,37,24,10,5,17,15,
1763,04/22/2000,48,3,9,5,42,35,
1764,04/19/2000,8,20,49,9,3,22,
1765,04/15/2000,28,26,48,40,15,9,
1766,04/12/2000,31,20,4,25,6,6,
1767,04/08/2000,33,4,48,12,9,18,
1768,04/05/2000,6,11,18,8,39,40,
1769,04/01/2000,4,3,29,38,13,21,
1770,03/29/2000,40,12,32,37,49,37,
1771,03/25/2000,6,48,43,30,45,32,
1772,03/22/2000,41,3,12,46,30,32,
1773,03/18/2000,30,43,46,12,39,10,
1774,03/15/2000,19,44,15,38,14,20,
1775,03/11/2000,23,11,31,2,28,39,
1776,03/08/2000,36,17,14,11,25,38,
1777,03/04/2000,6,43,8,48,3,1,
1778,03/01/2000,22,30,38,21,29,39,
1779,02/26/2000,49,9,7,23,37,7,
1780,02/23/2000,32,12,20,16,26,35,
1781,02/19/2000,45,24,14,23,48,21,
1782,02/16/2000,31,10,12,9,41,37,
1783,02/12/2000,45,37,44,21,24,24,
1784,02/09/2000,40,36,49,5,29,30,
1785,02/05/2000,44,11,41,34,6,20,
1786,02/02/2000,16,6,10,12,29,33,
1787,01/29/2000,28,8,32,6,47,26,
1788,01/26/2000,46,43,18,25,30,18,
1789,01/22/2000,41,32,4,34,16,25,
1790,01/19/2000,12,37,31,35,44,34,
1791,01/15/2000,40,1,6,21,33,28,
1792,01/12/2000,32,9,44,38,41,27,
1793,01/08/2000,28,7,35,40,48,14,
1794,01/05/2000,15,5,16,28,32,39,
1795,01/01/2000,36,13,23,9,45,39,
1796,12/29/1999,43,11,16,3,14,10,
1797,12/25/1999,19,39,29,6,44,28,
1798,12/22/1999,43,23,42,13,11,18,
1799,12/18/1999,43,3,2,25,15,25,
1800,12/15/1999,35,33,47,19,32,26,
1801,12/11/1999,47,10,6,31,48,29,
1802,12/08/1999,34,13,44,40,47,24,
1803,12/04/1999,38,25,36,22,5,37,
1804,12/01/1999,32,14,47,20,3,2,
1805,11/27/1999,16,24,38,28,3,28,
1806,11/24/1999,43,2,15,4,37,40,
1807,11/20/1999,5,6,18,44,42,3,
1808,11/17/1999,27,20,11,48,43,12,
1809,11/13/1999,26,13,32,16,34,24,
1810,11/10/1999,43,40,19,13,31,36,
1811,11/06/1999,8,5,12,40,25,28,
1812,11/03/1999,7,3,8,1,26,7,
1813,10/30/1999,26,41,33,37,10,21,
1814,10/27/1999,31,24,20,39,17,21,
1815,10/23/1999,32,15,12,37,27,11,
1816,10/20/1999,2,20,19,29,16,13,
1817,10/16/1999,5,40,18,22,12,21,
1818,10/13/1999,23,15,44,38,43,38,
1819,10/09/1999,20,8,43,39,27,1,
1820,10/06/1999,7,6,38,42,15,42,
1821,10/02/1999,48,35,15,12,25,30,
1822,09/29/1999,29,46,11,41,22,42,
1823,09/25/1999,33,41,36,32,15,7,
1824,09/22/1999,8,33,38,35,47,8,
1825,09/18/1999,2,46,26,34,8,30,
1826,09/15/1999,37,12,1,42,48,31,
1827,09/11/1999,37,4,32,42,33,25,
1828,09/08/1999,8,43,22,39,15,22,
1829,09/04/1999,23,22,34,26,14,29,
1830,09/01/1999,9,37,39,36,32,14,
1831,08/28/1999,38,39,25,14,18,7,
1832,08/25/1999,45,11,13,21,34,30,
1833,08/21/1999,17,45,28,42,2,20,
1834,08/18/1999,8,5,26,41,9,19,
1835,08/14/1999,6,39,5,45,1,14,
1836,08/11/1999,5,7,43,12,10,7,
1837,08/07/1999,42,49,45,1,44,1,
1838,08/04/1999,24,33,35,4,18,34,
1839,07/31/1999,45,18,43,46,26,29,
1840,07/28/1999,22,25,31,23,32,25,
1841,07/24/1999,4,23,45,47,33,33,
1842,07/21/1999,26,13,31,4,29,3,
1843,07/17/1999,37,40,36,30,48,28,
1844,07/14/1999,25,32,6,29,1,9,
1845,07/10/1999,35,17,7,44,37,30,
1846,07/07/1999,41,3,6,37,17,8,
1847,07/03/1999,1,7,8,37,21,2,
1848,06/30/1999,5,20,40,10,12,3,
1849,06/26/1999,22,15,38,47,8,26,
1850,06/23/1999,15,12,23,17,49,7,
1851,06/19/1999,46,2,23,38,27,26,
1852,06/16/1999,2,4,38,14,8,1,
1853,06/12/1999,28,26,35,45,17,20,
1854,06/09/1999,32,35,7,48,38,17,
1855,06/05/1999,49,8,37,2,16,11,
1856,06/02/1999,48,24,4,20,46,32,
1857,05/29/1999,43,36,35,5,45,19,
1858,05/26/1999,36,26,34,29,37,24,
1859,05/22/1999,36,18,6,43,15,11,
1860,05/19/1999,24,35,4,41,9,31,
1861,05/15/1999,4,38,24,27,30,14,
1862,05/12/1999,5,12,40,38,4,28,
1863,05/08/1999,25,47,34,28,30,14,
1864,05/05/1999,7,40,9,31,26,24,
1865,05/01/1999,20,9,27,7,26,18,
1866,04/28/1999,42,5,12,18,7,14,
1867,04/24/1999,3,48,45,1,35,18,
1868,04/21/1999,3,11,45,41,32,29,
1869,04/17/1999,18,40,25,43,15,37,
1870,04/14/1999,25,10,40,19,12,33,
1871,04/10/1999,3,34,45,42,24,1,
1872,04/07/1999,26,5,37,39,31,42,
1873,04/03/1999,1,4,10,17,30,6,
1874,03/31/1999,16,3,15,39,28,1,
1875,03/27/1999,12,45,13,5,48,35,
1876,03/24/1999,19,20,27,7,26,12,
1877,03/20/1999,20,41,4,40,22,7,
1878,03/17/1999,9,15,31,40,37,9,
1879,03/13/1999,11,49,8,42,44,39,
1880,03/10/1999,34,26,49,14,1,15,
1881,03/06/1999,25,42,19,13,20,13,
1882,03/03/1999,1,44,42,12,8,13,
1883,02/27/1999,30,13,46,20,32,36,
1884,02/24/1999,46,15,40,29,8,23,
1885,02/20/1999,16,39,24,6,15,12,
1886,02/17/1999,36,25,21,22,10,39,
1887,02/13/1999,18,4,35,27,9,11,
1888,02/10/1999,31,42,10,27,20,26,
1889,02/06/1999,25,48,39,15,32,32,
1890,02/03/1999,39,42,26,20,30,32,
1891,01/30/1999,19,40,25,24,45,5,
1892,01/27/1999,20,23,4,44,2,22,
1893,01/23/1999,3,49,30,19,26,31,
1894,01/20/1999,12,2,40,19,48,27,
1895,01/16/1999,2,40,28,15,20,15,
1896,01/13/1999,31,15,33,47,43,6,
1897,01/09/1999,27,5,10,11,32,13,
1898,01/06/1999,16,44,2,9,13,36,
1899,01/02/1999,23,26,39,4,17,27,
1900,12/30/1998,38,34,46,20,10,3,
1901,12/26/1998,17,27,29,7,41,33,
1902,12/23/1998,45,29,31,39,46,33,
1903,12/19/1998,5,15,45,17,3,6,
1904,12/16/1998,3,32,19,27,8,38,
1905,12/12/1998,29,40,16,12,26,32,
1906,12/09/1998,40,12,43,48,33,16,
1907,12/05/1998,31,19,9,27,20,39,
1908,12/02/1998,45,29,36,4,22,30,
1909,11/28/1998,11,4,43,6,2,9,
1910,11/25/1998,6,33,48,13,10,9,
1911,11/21/1998,15,14,21,1,35,10,
1912,11/18/1998,21,25,33,39,46,18,
1913,11/14/1998,41,35,10,16,3,38,
1914,11/11/1998,48,36,14,25,10,2,
1915,11/07/1998,5,33,10,13,30,28,
1916,11/04/1998,17,2,36,8,30,22,
1917,10/31/1998,17,42,33,37,34,8,
1918,10/28/1998,44,24,35,9,8,42,
1919,10/24/1998,12,25,17,10,40,20,
1920,10/21/1998,24,27,22,44,39,25,
1921,10/17/1998,44,48,47,32,28,27,
1922,10/14/1998,26,14,18,32,15,6,
1923,10/10/1998,1,19,8,28,45,25,
1924,10/07/1998,15,8,26,9,6,7,
1925,10/03/1998,5,25,32,14,22,4,
1926,09/30/1998,2,8,3,12,36,24,
1927,09/26/1998,25,24,5,3,2,8,
1928,09/23/1998,1,21,42,22,5,18,
1929,09/19/1998,41,35,19,37,1,11,
1930,09/16/1998,40,35,6,24,42,2,
1931,09/12/1998,19,28,33,16,35,16,
1932,09/09/1998,42,46,12,4,19,9,
1933,09/05/1998,26,49,10,16,8,40,
1934,09/02/1998,28,29,44,40,21,8,
1935,08/29/1998,13,18,14,29,31,23,
1936,08/26/1998,6,32,46,23,42,8,
1937,08/22/1998,21,22,11,7,49,19,
1938,08/19/1998,8,23,43,15,46,29,
1939,08/15/1998,37,12,49,27,30,20,
1940,08/12/1998,10,42,33,2,45,2,
1941,08/08/1998,45,42,5,9,33,28,
1942,08/05/1998,42,35,19,12,3,21,
1943,08/01/1998,4,25,20,44,1,5,
1944,07/29/1998,39,8,43,45,49,13,
1945,07/25/1998,23,14,3,21,17,16,
1946,07/22/1998,30,49,1,23,22,33,
1947,07/18/1998,10,40,14,8,33,31,
1948,07/15/1998,16,21,36,23,11,37,
1949,07/11/1998,10,12,1,6,38,17,
1950,07/08/1998,19,5,16,34,29,24,
1951,07/04/1998,39,25,38,15,30,42,
1952,07/01/1998,3,17,29,35,47,34,
1953,06/27/1998,7,10,31,30,36,37,
1954,06/24/1998,27,18,16,30,13,23,
1955,06/20/1998,49,27,26,31,9,4,
1956,06/17/1998,36,35,7,37,14,10,
1957,06/13/1998,21,23,6,8,3,11,
1958,06/10/1998,12,36,38,19,4,6,
1959,06/06/1998,24,42,26,16,28,24,
1960,06/03/1998,31,22,25,41,35,38,
1961,05/30/1998,3,45,29,24,14,24,
1962,05/27/1998,46,27,15,33,2,27,
1963,05/23/1998,15,16,35,46,1,35,
1964,05/20/1998,9,30,48,34,4,8,
1965,05/16/1998,22,1,41,28,23,18,
1966,05/13/1998,2,36,13,30,18,26,
1967,05/09/1998,8,49,34,29,26,28,
1968,05/06/1998,20,47,45,44,11,5,
1969,05/02/1998,49,3,37,19,14,4,
1970,04/29/1998,25,46,8,47,30,31,
1971,04/25/1998,35,5,38,7,20,19,
1972,04/22/1998,13,4,49,29,31,4,
1973,04/18/1998,22,24,45,19,30,21,
1974,04/15/1998,41,25,8,24,39,21,
1975,04/11/1998,49,48,5,36,15,11,
1976,04/08/1998,3,24,30,49,10,35,
1977,04/04/1998,8,3,23,46,43,13,
1978,04/01/1998,47,33,11,34,12,39,
1979,03/28/1998,27,44,33,38,30,15,
1980,03/25/1998,42,44,35,23,5,29,
1981,03/21/1998,38,34,4,35,47,16,
1982,03/18/1998,4,41,39,2,33,26,
1983,03/14/1998,15,47,35,34,42,15,
1984,03/11/1998,2,17,36,24,5,20,
1985,03/07/1998,32,36,42,30,21,33,
1986,03/04/1998,39,30,19,3,33,9,
1987,02/28/1998,49,26,4,45,41,6,
1988,02/25/1998,30,43,2,20,46,19,
1989,02/21/1998,22,47,29,39,9,25,
1990,02/18/1998,1,33,28,29,21,15,
1991,02/14/1998,41,23,5,39,7,6,
1992,02/11/1998,37,34,33,25,35,35,
1993,02/07/1998,40,12,15,5,27,14,
1994,02/04/1998,30,25,12,8,21,20,
1995,01/31/1998,13,36,48,7,11,18,
1996,01/28/1998,23,48,36,15,31,12,
1997,01/24/1998,7,23,15,28,36,10,
1998,01/21/1998,31,32,23,1,26,33,
1999,01/17/1998,28,9,49,38,29,6,
2000,01/14/1998,16,9,6,28,38,13,
2001,01/10/1998,17,9,7,44,20,25,
2002,01/07/1998,18,4,30,37,3,23,
2003,01/03/1998,4,9,27,7,32,6,
2004,12/31/1997,27,14,6,4,5,6,
2005,12/27/1997,14,48,15,36,9,17,
2006,12/24/1997,28,16,35,34,3,14,
2007,12/20/1997,23,11,12,17,10,7,
2008,12/17/1997,3,5,45,18,13,20,
2009,12/13/1997,44,41,46,35,5,27,
2010,12/10/1997,18,21,28,41,4,3,
2011,12/06/1997,15,26,28,8,43,36,
2012,12/03/1997,18,9,14,47,42,32,
2013,11/29/1997,11,27,13,2,31,23,
2014,11/26/1997,15,46,34,23,40,35,
2015,11/22/1997,22,31,3,7,14,2,
2016,11/19/1997,19,10,48,3,21,22,
2017,11/15/1997,32,7,45,21,26,8,
2018,11/12/1997,41,14,13,29,16,1,
2019,11/08/1997,40,17,21,7,49,37,
2020,11/05/1997,2,19,35,24,28,26,
2021,11/01/1997,37,28,33,22,25,20,
